GeoUID,Type,Region Name,Area (sq km),Population ,Dwellings ,Households ,v_CA01_737: Employed,v_CA01_738: Unemployed
4620001.00,CT,Montréal,0.4583,2445,1226,1165,1180,65
4620002.00,CT,Montréal,0.3865,2734,1339,1280,1250,130
4620003.00,CT,Montréal,0.7392,6522,2945,2850,3030,280
4620004.00,CT,Montréal,0.4516,3213,1575,1525,1505,115
4620005.00,CT,Montréal,0.562,3171,1630,1565,1535,120
4620006.00,CT,Montréal,0.6476,4541,2081,2015,2045,230
4620007.00,CT,Montréal,1.0993,5699,2849,2780,2670,320
4620008.00,CT,Montréal,0.6239,2957,1441,1385,1535,110
4620009.00,CT,Montréal,4.27,3657,1669,1615,1735,170
4620010.00,CT,Montréal,0.9323,1444,674,665,665,50
4620011.00,CT,Montréal,1.2497,4652,1981,1925,1720,155
4620012.01,CT,Montréal,0.236,2637,1329,1320,1165,105
4620012.02,CT,Montréal,0.3967,4206,2113,2080,1845,345
4620013.00,CT,Montréal,1.0834,4355,2395,2315,2045,205
4620014.01,CT,Montréal,0.9061,5876,3120,3050,2965,375
4620014.02,CT,Montréal,0.8819,0,9,0,x,x
4620015.00,CT,Montréal,0.3754,3421,1784,1710,1435,200
4620016.00,CT,Montréal,0.5188,2737,1230,1180,1110,195
4620017.00,CT,Montréal,0.2233,2022,1015,995,895,135
4620018.00,CT,Montréal,0.3673,2158,1169,1150,915,170
4620019.00,CT,Montréal,0.3367,2329,1252,1215,970,130
4620021.00,CT,Montréal,0.44,3220,1637,1565,1170,230
4620022.00,CT,Montréal,0.1697,1752,838,815,565,195
4620023.00,CT,Montréal,0.3575,1135,582,575,580,70
4620024.00,CT,Montréal,0.2739,2621,1368,1330,1150,160
4620025.00,CT,Montréal,0.2247,2919,1344,1310,1200,175
4620026.00,CT,Montréal,0.1729,1981,1120,1075,890,85
4620027.00,CT,Montréal,0.0949,1807,967,920,785,195
4620028.00,CT,Montréal,0.155,2158,1182,1165,1220,100
4620029.00,CT,Montréal,0.3976,3807,2010,1960,1870,185
4620030.00,CT,Montréal,0.2993,3360,1814,1770,1570,230
4620031.00,CT,Montréal,0.2523,2782,1550,1520,1455,205
4620032.00,CT,Montréal,0.127,1457,965,875,860,100
4620033.00,CT,Montréal,0.1575,1893,992,950,880,100
4620034.00,CT,Montréal,0.2168,2529,1253,1200,1240,180
4620035.00,CT,Montréal,0.182,2092,1187,1150,1180,120
4620036.00,CT,Montréal,0.1852,1929,1108,1080,965,170
4620037.00,CT,Montréal,0.5078,2848,1738,1685,1115,145
4620038.00,CT,Montréal,0.2152,1858,984,940,690,80
4620039.00,CT,Montréal,0.4719,1483,726,690,695,65
4620040.00,CT,Montréal,2.6328,0,0,0,x,x
4620041.00,CT,Montréal,0.2622,1607,990,965,895,180
4620042.00,CT,Montréal,0.1049,877,555,530,570,50
4620043.00,CT,Montréal,0.4115,892,512,475,535,95
4620044.00,CT,Montréal,0.1362,2118,1243,1180,1090,190
4620045.00,CT,Montréal,0.1175,1554,997,955,815,145
4620046.00,CT,Montréal,0.1604,1902,1161,1115,1045,160
4620047.00,CT,Montréal,0.1156,773,433,415,385,155
4620048.00,CT,Montréal,0.1399,2134,1224,1185,1340,160
4620049.00,CT,Montréal,0.164,1438,837,800,730,75
4620050.00,CT,Montréal,0.0711,1329,757,730,720,60
4620051.00,CT,Montréal,0.2168,1369,912,820,840,70
4620052.00,CT,Montréal,0.1399,2003,1188,1145,910,140
4620053.00,CT,Montréal,0.1028,1017,579,525,370,55
4620054.00,CT,Montréal,0.1541,1212,553,515,,
4620055.01,CT,Montréal,0.7092,2618,1892,1565,1775,105
4620055.02,CT,Montréal,1.3214,417,266,225,300,10
4620056.00,CT,Montréal,0.2881,1161,552,460,,
4620057.00,CT,Montréal,0.1447,879,263,250,100,15
4620058.00,CT,Montréal,0.1523,944,641,555,370,80
4620059.00,CT,Montréal,0.2024,1284,774,710,810,60
4620060.00,CT,Montréal,0.0902,1724,790,775,205,185
4620061.00,CT,Montréal,0.2161,434,310,260,260,30
4620062.00,CT,Montréal,0.8296,293,195,120,155,15
4620063.00,CT,Montréal,0.3618,354,258,185,175,10
4620064.00,CT,Montréal,0.2379,1279,670,540,,
4620065.01,CT,Montréal,0.1361,6095,4522,3985,2675,470
4620065.02,CT,Montréal,0.1475,2653,1913,1580,1350,200
4620066.01,CT,Montréal,0.2043,2858,1764,1470,1395,175
4620066.02,CT,Montréal,0.1541,2022,1619,1425,900,145
4620067.00,CT,Montréal,0.1763,1765,842,795,775,65
4620068.00,CT,Montréal,0.1913,2088,700,675,435,190
4620069.00,CT,Montréal,0.7051,1706,1028,880,1135,75
4620070.00,CT,Montréal,0.6222,527,466,320,400,10
4620071.00,CT,Montréal,0.4443,0,0,0,x,x
4620072.00,CT,Montréal,2.5825,3383,1794,1610,1315,240
4620073.00,CT,Montréal,0.3584,1065,658,590,385,60
4620074.00,CT,Montréal,0.3994,3644,1818,1640,1410,280
4620075.00,CT,Montréal,0.3128,2660,1347,1250,970,175
4620076.00,CT,Montréal,0.3762,2458,1273,1175,1010,180
4620077.00,CT,Montréal,0.4452,2289,1021,965,800,95
4620078.00,CT,Montréal,0.4048,3317,1751,1660,1575,175
4620079.00,CT,Montréal,0.6283,3815,2098,1920,1545,275
4620080.00,CT,Montréal,0.0904,743,428,380,545,0
4620081.00,CT,Montréal,0.2638,2294,1313,1190,1215,105
4620082.00,CT,Montréal,0.2732,2035,1060,945,795,160
4620083.00,CT,Montréal,0.45,3008,1602,1455,1380,200
4620084.00,CT,Montréal,0.3866,1668,833,750,505,85
4620085.00,CT,Montréal,1.2596,734,347,285,355,35
4620086.00,CT,Montréal,0.523,3724,2113,1910,1860,165
4620087.00,CT,Montréal,0.2615,3057,1456,1305,1310,175
4620088.00,CT,Montréal,0.3338,3704,1897,1835,1580,190
4620089.00,CT,Montréal,0.5139,4882,2443,2360,2395,220
4620090.00,CT,Montréal,0.4481,4442,2192,2140,2055,150
4620091.00,CT,Montréal,1.0616,0,0,0,x,x
4620092.00,CT,Montréal,0.5604,6442,2857,2795,2780,330
4620093.00,CT,Montréal,0.7725,3257,1591,1475,1520,185
4620094.01,CT,Montréal,1.7814,5672,2905,2735,2575,375
4620094.02,CT,Montréal,1.9562,0,0,0,x,x
4620095.00,CT,Montréal,0.2261,1877,1144,1070,1130,155
4620096.00,CT,Montréal,0.1863,2233,1103,1040,1265,120
4620097.01,CT,Montréal,0.3529,6040,3392,3215,2795,465
4620097.02,CT,Montréal,0.3929,3487,2022,1935,1490,285
4620098.00,CT,Montréal,1.0272,5372,2289,2190,2565,245
4620099.00,CT,Montréal,0.689,4206,2465,2080,1865,215
4620100.00,CT,Montréal,0.8131,7483,3487,3375,3250,430
4620101.01,CT,Montréal,0.3554,4165,1963,1885,1660,200
4620101.02,CT,Montréal,0.3634,4001,1663,1620,1565,210
4620102.00,CT,Montréal,0.5925,4137,2121,2055,2290,190
4620103.00,CT,Montréal,0.3394,2425,1101,1065,1460,45
4620104.00,CT,Montréal,0.3778,2908,1141,1130,1480,105
4620105.00,CT,Montréal,0.3063,3518,1693,1650,2110,140
4620106.00,CT,Montréal,0.225,1894,912,885,1150,30
4620107.00,CT,Montréal,0.1663,1357,819,730,720,150
4620108.00,CT,Montréal,0.5698,3900,1671,1565,1890,100
4620109.00,CT,Montréal,0.1755,2031,1098,1030,1145,115
4620110.00,CT,Montréal,0.2389,3805,2076,1975,1970,195
4620111.00,CT,Montréal,0.735,6737,3055,2920,3040,270
4620112.01,CT,Montréal,0.6427,5283,1768,1720,1880,270
4620112.02,CT,Montréal,0.2803,4431,2045,2005,1670,275
4620113.00,CT,Montréal,0.5027,5378,2255,2185,2555,345
4620114.00,CT,Montréal,0.286,2014,950,890,985,150
4620115.01,CT,Montréal,0.2186,2056,954,870,1065,75
4620115.02,CT,Montréal,0.4275,5997,3802,3635,2820,370
4620116.00,CT,Montréal,0.6399,7329,3246,3085,2905,380
4620117.00,CT,Montréal,0.2725,4704,1571,1540,1580,345
4620118.00,CT,Montréal,0.2975,4573,1603,1550,1925,270
4620119.00,CT,Montréal,0.5684,6707,2534,2465,2525,470
4620120.00,CT,Montréal,2.7841,3764,1648,1600,1750,215
4620121.00,CT,Montréal,0.3756,1679,702,690,850,60
4620122.00,CT,Montréal,0.6671,7213,3255,3105,2535,665
4620123.00,CT,Montréal,0.412,6553,3373,3200,2945,450
4620124.00,CT,Montréal,0.38,5951,2791,2660,2460,580
4620125.00,CT,Montréal,0.4677,6448,2851,2750,2600,255
4620126.00,CT,Montréal,0.7356,2089,1085,860,1020,115
4620127.01,CT,Montréal,0.4834,5372,3648,3265,2785,280
4620127.02,CT,Montréal,1.3274,0,9,0,x,x
4620128.00,CT,Montréal,3.016,3494,2038,1770,1910,100
4620129.01,CT,Montréal,0.2838,3897,2864,2330,2075,155
4620129.02,CT,Montréal,0.3628,3879,2965,2375,1955,240
4620130.00,CT,Montréal,0.1567,3196,2900,2140,1410,345
4620131.00,CT,Montréal,0.1024,3243,2789,2180,1675,190
4620132.00,CT,Montréal,0.2696,4711,3799,3115,2360,360
4620133.00,CT,Montréal,0.1465,2593,1716,1540,1535,150
4620134.00,CT,Montréal,0.0872,837,563,510,530,40
4620135.00,CT,Montréal,0.1204,1657,914,875,1055,85
4620136.00,CT,Montréal,0.1814,2895,1600,1525,1730,185
4620137.00,CT,Montréal,0.1851,1151,698,615,580,95
4620138.00,CT,Montréal,0.2822,1962,1150,1025,1260,70
4620139.00,CT,Montréal,0.2217,3033,1696,1630,1845,180
4620140.00,CT,Montréal,0.1169,1442,778,750,895,45
4620141.00,CT,Montréal,0.1219,1612,903,875,1030,85
4620142.00,CT,Montréal,0.1067,1654,967,930,1000,130
4620143.00,CT,Montréal,0.1721,2390,1550,1485,1325,75
4620144.00,CT,Montréal,0.1878,3343,2094,1985,2050,225
4620145.00,CT,Montréal,0.4397,0,0,0,x,x
4620146.00,CT,Montréal,0.1421,2362,1536,1480,1510,140
4620147.00,CT,Montréal,0.1678,2793,1628,1590,1770,155
4620148.00,CT,Montréal,0.1447,1245,498,480,700,25
4620149.00,CT,Montréal,0.1387,3322,1949,1885,2025,155
4620150.00,CT,Montréal,0.1659,2490,1441,1385,1375,275
4620151.00,CT,Montréal,0.1157,2112,1151,1120,1285,100
4620152.00,CT,Montréal,0.1378,1586,902,885,980,55
4620153.00,CT,Montréal,0.2781,872,492,460,455,95
4620154.00,CT,Montréal,0.126,577,353,345,375,20
4620155.00,CT,Montréal,0.1082,1823,1075,1040,1070,70
4620156.00,CT,Montréal,0.1393,1985,1166,1130,1215,80
4620157.00,CT,Montréal,0.1624,2038,1144,1115,1330,55
4620158.00,CT,Montréal,0.1412,2033,1323,1270,1190,105
4620159.00,CT,Montréal,0.1237,1926,1050,1020,1285,60
4620160.00,CT,Montréal,0.1217,1832,1113,1085,1025,145
4620161.00,CT,Montréal,0.1389,1927,1008,980,1075,145
4620162.00,CT,Montréal,0.0954,1638,947,910,1085,100
4620163.00,CT,Montréal,0.2023,3034,1509,1450,1935,155
4620164.00,CT,Montréal,0.0697,1655,1033,1000,1000,145
4620165.00,CT,Montréal,0.1482,2439,1208,1170,1340,180
4620166.00,CT,Montréal,0.232,416,226,215,215,45
4620167.00,CT,Montréal,0.2039,2452,1238,1185,1400,155
4620168.00,CT,Montréal,0.1685,2496,1084,1045,1415,85
4620169.00,CT,Montréal,0.1468,2303,1046,1025,1410,140
4620170.00,CT,Montréal,0.1559,2345,1119,1090,1180,140
4620171.00,CT,Montréal,0.4811,4336,2348,2295,2360,225
4620172.00,CT,Montréal,0.2013,1947,1318,1275,1250,255
4620173.00,CT,Montréal,0.1857,1580,993,945,1025,85
4620174.00,CT,Montréal,0.2291,1586,966,945,1045,50
4620175.00,CT,Montréal,0.1094,1659,962,945,1080,60
4620176.00,CT,Montréal,0.1228,1564,941,915,1190,40
4620177.00,CT,Montréal,0.0991,1324,750,720,785,45
4620178.00,CT,Montréal,0.2806,2364,1431,1410,1525,135
4620179.00,CT,Montréal,0.4946,3667,2183,2040,1905,285
4620180.00,CT,Montréal,0.2635,3499,1942,1830,1800,190
4620181.00,CT,Montréal,0.3306,3688,2070,1905,1830,255
4620182.00,CT,Montréal,0.1397,2141,1183,1105,1095,115
4620183.00,CT,Montréal,0.1322,2294,1232,1200,1110,130
4620184.00,CT,Montréal,0.2197,3033,1567,1520,1480,175
4620185.00,CT,Montréal,0.3966,5146,2882,2755,2430,275
4620186.00,CT,Montréal,0.3796,4301,2376,2260,1950,240
4620187.01,CT,Montréal,0.3652,2271,1310,1170,1110,65
4620187.02,CT,Montréal,1.1338,7601,4168,3945,4230,335
4620188.01,CT,Montréal,0.1456,2047,1169,1105,1150,135
4620188.02,CT,Montréal,0.2269,2328,1409,1310,1375,110
4620189.00,CT,Montréal,1.4764,0,0,0,x,x
4620190.01,CT,Montréal,0.4597,3447,1836,1785,1720,130
4620190.02,CT,Montréal,1.043,3430,1891,1850,1045,10
4620191.00,CT,Montréal,1.6789,6166,3070,2970,2965,185
4620192.00,CT,Montréal,0.7858,2810,935,920,1140,55
4620193.00,CT,Montréal,0.2674,1987,945,920,1040,70
4620194.00,CT,Montréal,1.1906,5265,2222,2170,2480,220
4620195.01,CT,Montréal,0.544,3580,1716,1685,1390,100
4620195.02,CT,Montréal,0.6023,5338,2485,2410,2505,220
4620195.03,CT,Montréal,0.9064,5109,2361,2305,2715,215
4620196.00,CT,Montréal,0.3993,3847,2183,2110,1905,160
4620197.00,CT,Montréal,0.5969,4707,2482,2400,2115,130
4620198.00,CT,Montréal,0.6418,4929,2579,2525,2220,270
4620199.00,CT,Montréal,0.2251,2617,1395,1360,1310,185
4620200.00,CT,Montréal,0.3109,4334,2247,2190,2035,190
4620201.00,CT,Montréal,0.9273,6413,3410,3305,2845,245
4620202.00,CT,Montréal,0.6097,4288,2379,2305,1945,200
4620203.00,CT,Montréal,0.2378,2821,1536,1505,1475,90
4620204.00,CT,Montréal,0.2347,2713,1512,1470,1470,100
4620205.00,CT,Montréal,0.177,2183,1202,1180,1275,100
4620206.00,CT,Montréal,0.2328,2669,1460,1420,1475,120
4620207.00,CT,Montréal,0.2564,3511,1845,1775,1740,225
4620208.00,CT,Montréal,0.2005,2578,1372,1310,1185,160
4620209.00,CT,Montréal,0.6635,5967,3071,2905,2725,360
4620210.00,CT,Montréal,0.3266,3250,1950,1840,1790,190
4620211.00,CT,Montréal,0.1767,2300,1301,1215,1295,165
4620212.00,CT,Montréal,0.1949,2475,1393,1330,1410,125
4620213.00,CT,Montréal,0.1926,2674,1381,1345,1375,135
4620214.00,CT,Montréal,0.2556,2639,1392,1335,1555,65
4620215.00,CT,Montréal,0.2314,2150,1215,1125,1110,150
4620216.00,CT,Montréal,0.3215,2299,1300,1185,1180,155
4620217.00,CT,Montréal,0.1607,2723,1395,1360,1410,210
4620218.00,CT,Montréal,0.2818,3137,1599,1550,1625,190
4620219.00,CT,Montréal,0.3155,2396,1095,1030,1080,110
4620220.00,CT,Montréal,0.4079,6046,2451,2395,2165,680
4620221.00,CT,Montréal,0.3252,6773,2834,2705,2415,610
4620222.00,CT,Montréal,0.201,4131,1614,1555,1540,405
4620223.01,CT,Montréal,0.1473,4538,1620,1595,1430,555
4620223.02,CT,Montréal,0.1987,3489,1306,1280,1125,295
4620224.00,CT,Montréal,0.3776,6422,2488,2400,2360,355
4620225.00,CT,Montréal,0.6483,1404,678,635,665,70
4620226.00,CT,Montréal,0.2504,3229,1631,1580,1875,135
4620227.00,CT,Montréal,0.1169,1626,805,790,940,90
4620228.00,CT,Montréal,0.1131,1600,792,775,960,80
4620229.00,CT,Montréal,0.4729,0,0,0,x,x
4620230.00,CT,Montréal,0.1182,1986,995,970,1115,90
4620231.00,CT,Montréal,0.1044,1689,885,870,930,80
4620232.00,CT,Montréal,0.3642,2939,1447,1415,1615,235
4620233.00,CT,Montréal,0.1074,2107,1063,1035,1085,155
4620234.00,CT,Montréal,0.1502,2361,1219,1185,985,210
4620235.00,CT,Montréal,0.1184,1901,1026,995,1110,70
4620236.00,CT,Montréal,0.1077,1739,932,910,795,100
4620237.00,CT,Montréal,0.2222,3262,1599,1565,1785,135
4620238.00,CT,Montréal,0.1653,2356,1270,1220,1230,190
4620239.00,CT,Montréal,0.5455,4684,2597,2515,2125,340
4620240.00,CT,Montréal,0.3041,2993,1464,1435,1195,135
4620241.00,CT,Montréal,0.2143,3043,1408,1360,1320,175
4620242.00,CT,Montréal,0.3722,6611,3144,3045,2835,420
4620243.00,CT,Montréal,0.2538,4266,1835,1800,1600,315
4620244.00,CT,Montréal,0.1766,2195,1116,1090,1040,110
4620245.00,CT,Montréal,0.2201,2717,1505,1455,1505,165
4620247.00,CT,Montréal,0.1943,2256,1197,1175,1300,95
4620249.00,CT,Montréal,0.5363,4394,2192,2115,2000,250
4620250.00,CT,Montréal,0.4474,3955,1904,1850,1830,180
4620251.01,CT,Montréal,0.4645,3666,1554,1525,1520,140
4620251.02,CT,Montréal,0.2509,2714,1206,1180,1125,175
4620252.00,CT,Montréal,0.3281,5097,2304,2240,2070,365
4620253.00,CT,Montréal,0.4544,2815,1177,1140,1195,155
4620254.00,CT,Montréal,0.6204,3888,1822,1700,1670,305
4620256.00,CT,Montréal,1.8575,3754,1461,1355,1445,295
4620257.00,CT,Montréal,1.33,4545,1700,1595,1765,245
4620258.00,CT,Montréal,0.401,4920,1779,1680,1685,335
4620259.00,CT,Montréal,0.3558,6030,2416,2225,2410,295
4620260.00,CT,Montréal,0.547,2238,870,830,785,155
4620261.00,CT,Montréal,0.627,2713,1110,1020,1110,170
4620262.00,CT,Montréal,0.7416,4610,1707,1605,1770,245
4620263.00,CT,Montréal,0.7551,4039,1662,1630,1715,170
4620264.01,CT,Montréal,1.2151,5586,2533,2455,2490,175
4620264.02,CT,Montréal,0.8903,4398,2255,2210,2565,205
4620265.00,CT,Montréal,0.4788,4485,2314,2180,2435,180
4620266.00,CT,Montréal,0.761,3296,1734,1680,1420,105
4620267.00,CT,Montréal,1.1017,6214,2575,2480,2675,335
4620268.01,CT,Montréal,0.5766,5540,2808,2750,2475,220
4620268.02,CT,Montréal,0.333,4004,1676,1595,1685,310
4620268.03,CT,Montréal,1.2981,0,1,0,x,x
4620269.00,CT,Montréal,0.7742,4083,2005,1950,1820,380
4620270.00,CT,Montréal,0.6779,4124,2196,2130,2070,185
4620271.00,CT,Montréal,0.4791,3126,1509,1465,1660,75
4620272.00,CT,Montréal,0.4994,3580,1849,1805,1720,175
4620273.00,CT,Montréal,0.5782,4304,2102,2040,2055,195
4620274.00,CT,Montréal,0.48,2995,1406,1365,1310,115
4620275.00,CT,Montréal,0.6162,4071,2095,2045,1870,185
4620276.00,CT,Montréal,0.8755,4863,2516,2455,2225,250
4620277.00,CT,Montréal,0.549,4290,1994,1950,1755,215
4620278.00,CT,Montréal,0.5908,4392,2199,2140,2205,215
4620279.00,CT,Montréal,0.9364,4239,2171,2105,2105,175
4620280.00,CT,Montréal,0.6008,4344,2179,2110,2145,195
4620281.00,CT,Montréal,1.0795,3595,1601,1555,1580,65
4620282.00,CT,Montréal,1.3161,6283,2723,2660,2500,310
4620283.01,CT,Montréal,0.6064,3677,1386,1355,1630,205
4620283.02,CT,Montréal,0.4764,2925,1232,1200,1285,145
4620284.00,CT,Montréal,0.5842,3375,1567,1535,1630,105
4620285.00,CT,Montréal,1.4982,6745,2393,2295,2605,220
4620286.00,CT,Montréal,0.7961,5059,2105,2005,1935,310
4620287.01,CT,Montréal,0.5379,5928,3000,2845,2340,665
4620287.02,CT,Montréal,1.1134,4212,1650,1555,2235,100
4620288.00,CT,Montréal,1.7642,1412,604,595,635,15
4620290.01,CT,Montréal,1.1871,2005,779,750,1050,80
4620290.02,CT,Montréal,1.7237,5915,2039,1985,2915,290
4620290.03,CT,Montréal,0.6369,4052,1614,1575,1980,195
4620290.04,CT,Montréal,2.8315,6369,2149,2110,3070,285
4620290.05,CT,Montréal,2.0959,5943,2612,2580,1950,120
4620290.06,CT,Montréal,0.9233,6260,2022,2005,3020,280
4620290.07,CT,Montréal,0.5907,3275,1168,1150,1540,115
4620290.08,CT,Montréal,1.0994,4361,1474,1455,2110,165
4620290.09,CT,Montréal,0.9735,5238,1732,1710,2460,200
4620291.01,CT,Montréal,0.9752,3117,1001,980,1430,145
4620291.02,CT,Montréal,10.148,6404,1932,1900,3070,215
4620300.00,CT,Verdun,0.5199,2306,1254,1150,855,180
4620301.00,CT,Verdun,0.4181,4709,2622,2365,2300,230
4620302.00,CT,Verdun,0.2066,2829,1572,1420,1185,145
4620303.00,CT,Verdun,0.2708,2047,1178,1035,835,150
4620304.00,CT,Verdun,0.2849,2679,1590,1445,960,145
4620305.00,CT,Verdun,0.3523,3715,2145,1945,1755,125
4620306.00,CT,Verdun,0.2241,3062,1630,1480,1190,145
4620307.00,CT,Verdun,0.1794,3405,1712,1550,1460,160
4620308.00,CT,Verdun,0.1776,2692,1422,1275,1200,160
4620309.00,CT,Verdun,0.2098,1256,622,595,615,45
4620310.00,CT,Verdun,0.4674,3344,1708,1585,1600,75
4620311.00,CT,Verdun,0.3505,3891,2103,1880,1525,155
4620312.00,CT,Verdun,0.3083,3215,1706,1620,1525,115
4620313.00,CT,Verdun,0.4107,3307,1564,1495,1500,150
4620314.00,CT,Verdun,0.2762,2567,1254,1205,1235,75
4620315.00,CT,Verdun,0.8286,160,0,0,,
4620316.00,CT,Verdun,0.6031,2224,851,835,1095,65
4620317.01,CT,Verdun,2.4798,7488,4200,3825,4475,210
4620317.02,CT,Verdun,1.3157,5668,3197,2935,3120,135
4620320.00,CT,LaSalle,0.699,4591,2212,2145,2175,165
4620321.00,CT,LaSalle,0.9756,3004,1441,1395,1410,85
4620322.02,CT,LaSalle,0.8043,3789,1708,1665,1850,120
4620322.03,CT,LaSalle,0.7232,4704,2449,2400,1885,215
4620322.04,CT,LaSalle,0.4593,3048,1437,1410,1395,95
4620323.00,CT,LaSalle,0.6808,3149,1372,1335,1460,95
4620324.01,CT,LaSalle,0.7046,4543,2046,1980,2175,230
4620324.02,CT,LaSalle,0.663,2935,1196,1170,1380,110
4620325.01,CT,LaSalle,0.3902,3845,1523,1455,1785,135
4620325.02,CT,LaSalle,1.0005,6771,3014,2900,2885,405
4620325.03,CT,LaSalle,0.4777,3612,1497,1450,1715,150
4620325.04,CT,LaSalle,1.7289,8249,3821,3635,4495,305
4620326.01,CT,LaSalle,2.5868,2956,1172,1165,1545,155
4620326.02,CT,LaSalle,1.0911,3602,1683,1645,1660,220
4620326.03,CT,LaSalle,1.3415,4981,1957,1915,2355,270
4620327.00,CT,LaSalle,1.0984,4887,2193,2135,2475,190
4620328.00,CT,LaSalle,0.4478,1682,859,710,575,100
4620329.00,CT,LaSalle,0.6833,3635,1735,1685,1925,130
4620330.00,CT,Lachine,2.0659,4604,2265,2100,2070,155
4620340.00,CT,Montréal-Ouest,1.4072,5172,1901,1855,2680,130
4620350.00,CT,Westmount,0.5555,2275,1341,1170,1185,75
4620351.00,CT,Westmount,0.4603,5068,3087,2745,2320,150
4620352.00,CT,Westmount,0.4867,2681,1314,1160,1290,75
4620353.00,CT,Westmount,0.407,2987,1231,1165,1525,55
4620354.00,CT,Westmount,0.814,3231,1041,1005,1595,65
4620355.00,CT,Westmount,0.3073,1437,636,595,715,50
4620356.00,CT,Westmount,0.996,2048,683,615,1040,30
4620360.00,CT,Outremont,1.4336,2242,650,615,1045,20
4620361.00,CT,Outremont,0.1261,1519,830,795,795,70
4620362.00,CT,Outremont,0.5335,2567,904,870,1230,80
4620363.00,CT,Outremont,0.373,4671,2050,1985,2065,90
4620364.00,CT,Outremont,0.2379,2553,1036,1010,1335,110
4620365.00,CT,Outremont,0.2488,2763,1288,1260,1505,125
4620366.00,CT,Outremont,0.3435,2579,1085,1070,1465,40
4620367.00,CT,Outremont,0.5666,4039,2044,1960,2035,150
4620370.00,CT,Hampstead,1.7901,6974,2632,2575,3570,190
4620380.00,CT,Côte-Saint-Luc,0.7617,4037,1869,1830,1820,170
4620381.00,CT,Côte-Saint-Luc,0.5887,5635,2659,2530,1995,290
4620382.01,CT,Côte-Saint-Luc,0.5785,3637,1673,1645,1375,90
4620382.02,CT,Côte-Saint-Luc,1.5627,4384,1578,1555,2010,185
4620383.01,CT,Côte-Saint-Luc,1.7278,3427,1094,1070,1205,95
4620383.02,CT,Côte-Saint-Luc,1.5015,6872,3383,3295,2595,190
4620385.00,CT,Côte-Saint-Luc,0.0382,1442,1000,970,515,35
4620390.00,CT,Lachine,1.0637,1274,670,630,555,90
4620391.00,CT,Lachine,0.3284,1826,890,845,680,65
4620392.00,CT,Lachine,0.4578,1284,614,590,615,60
4620393.00,CT,Lachine,1.0425,5104,2466,2380,2180,185
4620394.00,CT,Lachine,1.3501,3611,1787,1705,1785,140
4620395.01,CT,Lachine,7.6187,2624,1172,1130,810,130
4620395.02,CT,Lachine,0.6891,6270,2836,2745,2925,265
4620395.03,CT,Lachine,0.5992,4108,2236,2170,2150,170
4620396.00,CT,Lachine,1.4744,5673,2650,2570,2960,220
4620397.00,CT,Lachine,1.1821,3844,1432,1425,2000,110
4620400.00,CT,Mont-Royal,1.3817,4557,1770,1725,2275,120
4620401.00,CT,Mont-Royal,0.9707,2998,1306,1270,1460,65
4620402.00,CT,Mont-Royal,2.5432,1183,467,460,525,35
4620403.00,CT,Mont-Royal,1.3285,4999,1917,1860,2395,130
4620404.00,CT,Mont-Royal,1.4373,4945,1807,1750,2200,65
4620410.01,CT,Saint-Laurent,0.8603,5045,2117,2035,2250,180
4620410.02,CT,Saint-Laurent,0.7695,4612,2542,2420,1565,100
4620410.03,CT,Saint-Laurent,2.1844,1761,608,590,765,60
4620412.00,CT,Saint-Laurent,1.4641,5153,2027,1925,2415,205
4620413.00,CT,Saint-Laurent,1.5819,7435,2737,2620,3560,260
4620415.01,CT,Saint-Laurent,28.8806,3578,1492,1445,2245,90
4620415.03,CT,Saint-Laurent,0.2749,3983,1981,1885,1780,160
4620415.04,CT,Saint-Laurent,0.4726,4444,2124,2035,1930,250
4620416.01,CT,Saint-Laurent,0.8481,4262,1416,1375,2080,160
4620416.02,CT,Saint-Laurent,1.0618,2985,1167,1115,1485,115
4620417.01,CT,Saint-Laurent,0.6701,3600,1528,1480,1495,260
4620417.02,CT,Saint-Laurent,0.3771,3127,951,895,1165,170
4620418.00,CT,Saint-Laurent,1.295,5000,2266,2130,2415,225
4620419.00,CT,Saint-Laurent,0.379,4715,1816,1730,1720,330
4620420.00,CT,Saint-Laurent,0.8256,4670,1784,1715,2090,160
4620421.01,CT,Saint-Laurent,0.3892,6974,2986,2845,2380,470
4620421.02,CT,Saint-Laurent,0.5509,6047,2663,2515,2265,380
4620430.00,CT,Dorval,1.9817,5449,2759,2670,2790,150
4620431.00,CT,Dorval,2.2097,5466,2459,2375,2610,145
4620432.00,CT,Dorval,1.3071,3267,1258,1235,1685,45
4620433.00,CT,Saint-Laurent,15.4188,3524,1381,1360,1755,95
4620440.00,CT,L'Île-Dorval,0.1803,0,58,0,x,x
4620450.00,CT,Pointe-Claire,3.7652,7082,3131,3045,3130,170
4620451.00,CT,Pointe-Claire,3.325,6559,2531,2475,3255,180
4620452.00,CT,Pointe-Claire,3.1703,6292,2749,2665,3115,290
4620453.01,CT,Pointe-Claire,1.9808,5309,1851,1835,2630,145
4620453.02,CT,Pointe-Claire,6.6348,4044,1394,1375,2235,100
4620460.00,CT,Beaconsfield,3.5794,5302,1849,1815,2495,170
4620461.00,CT,Beaconsfield,1.8501,2929,1046,1030,1360,50
4620462.01,CT,Beaconsfield,2.3699,5265,1902,1880,2760,110
4620462.02,CT,Beaconsfield,3.2098,5814,1869,1825,2855,120
4620470.01,CT,Kirkland,3.5939,7098,2560,2530,3710,195
4620470.03,CT,Kirkland,2.392,4950,1428,1395,2475,130
4620470.04,CT,Kirkland,1.5497,3912,1165,1160,2065,135
4620470.05,CT,Kirkland,2.1114,4474,1263,1250,2290,120
4620480.00,CT,Baie-d'Urfé,6.0281,3813,1365,1325,1855,130
4620490.00,CT,Sainte-Anne-de-Bellevue,0.7131,2471,1360,1245,1190,90
4620491.00,CT,Sainte-Anne-de-Bellevue,9.8678,2591,703,685,1115,50
4620500.00,CT,Senneville,7.4843,970,371,360,550,10
4620511.00,CT,Pierrefonds,2.9595,9288,3470,3365,4110,475
4620512.02,CT,Pierrefonds,1.4527,4244,1689,1655,2305,110
4620512.03,CT,Pierrefonds,0.6838,1302,863,845,615,60
4620512.04,CT,Pierrefonds,1.765,6323,2341,2300,3135,255
4620513.01,CT,Pierrefonds,1.106,4362,1520,1500,2275,110
4620513.02,CT,Pierrefonds,1.234,4276,1774,1715,1975,160
4620514.01,CT,Pierrefonds,1.9648,5506,2021,1990,2770,175
4620514.02,CT,Pierrefonds,1.8903,5871,2002,1975,3055,95
4620515.01,CT,Pierrefonds,9.093,3134,1047,1025,1550,75
4620515.02,CT,Pierrefonds,0.9514,3462,1248,1235,1905,90
4620515.03,CT,Pierrefonds,0.9372,3480,1228,1215,1865,100
4620515.04,CT,Pierrefonds,0.8377,3715,1301,1280,2010,140
4620520.02,CT,Dollard-des-Ormeaux,1.7106,7282,2404,2375,3545,295
4620520.03,CT,Dollard-des-Ormeaux,1.4997,4004,1338,1295,1930,235
4620520.04,CT,Dollard-des-Ormeaux,1.0701,4612,1757,1730,2420,260
4620521.01,CT,Dollard-des-Ormeaux,0.8401,4643,1620,1605,2445,145
4620521.04,CT,Dollard-des-Ormeaux,1.3943,5239,1715,1710,2790,145
4620521.05,CT,Dollard-des-Ormeaux,1.3689,3782,1080,1040,1825,100
4620521.06,CT,Dollard-des-Ormeaux,2.171,4060,1209,1190,2130,110
4620521.07,CT,Dollard-des-Ormeaux,2.0715,4554,1228,1210,2125,90
4620522.01,CT,Dollard-des-Ormeaux,1.2447,3945,1337,1315,2020,155
4620522.02,CT,Dollard-des-Ormeaux,1.0749,3539,1250,1235,2000,100
4620523.00,CT,Dollard-des-Ormeaux,0.7617,2546,812,800,1295,115
4620530.00,CT,Roxboro,2.1974,5642,2024,1995,2755,155
4620540.00,CT,Sainte-Geneviève,0.8535,3278,1537,1485,1650,175
4620550.02,CT,L'Île-Bizard,13.3817,2933,1075,1055,1585,85
4620550.03,CT,L'Île-Bizard,5.0875,5907,1918,1885,3045,160
4620550.04,CT,L'Île-Bizard,4.3438,5021,1735,1715,2790,110
4620570.00,CT,Montréal-Est,12.487,3547,1555,1495,1605,140
4620580.01,CT,Montréal,1.2205,4266,1755,1720,2170,90
4620580.02,CT,Montréal,0.7776,1857,818,805,1190,40
4620580.03,CT,Montréal,1.0826,4317,1544,1525,2275,130
4620581.01,CT,Montréal,1.3127,5793,1991,1965,2810,210
4620581.02,CT,Montréal,0.6809,3860,1558,1510,1945,150
4620582.01,CT,Montréal,1.1782,6948,3069,2970,3555,225
4620582.02,CT,Montréal,1.2589,6288,2583,2550,2925,200
4620583.00,CT,Montréal,0.7515,3413,1335,1300,1515,135
4620584.00,CT,Montréal,1.6371,7436,3262,3155,3350,275
4620585.01,CT,Montréal,3.3653,1675,647,635,960,100
4620585.02,CT,Montréal,5.5763,3665,1594,1535,1540,110
4620590.01,CT,Anjou,1.4188,5303,2228,2170,2700,210
4620590.02,CT,Anjou,0.2918,3076,1409,1375,1620,140
4620591.01,CT,Anjou,0.4862,2549,1096,1055,1255,100
4620591.02,CT,Anjou,0.6827,3965,1676,1640,1805,150
4620592.00,CT,Anjou,0.9761,6821,3128,3060,3235,320
4620593.00,CT,Anjou,1.5047,6739,3552,3440,3160,240
4620594.01,CT,Anjou,0.3938,2970,1412,1355,1290,105
4620594.02,CT,Anjou,7.9594,6592,3138,3030,3190,195
4620600.01,CT,Saint-Léonard,0.7493,3722,1598,1545,1715,150
4620600.02,CT,Saint-Léonard,0.4117,3452,1753,1620,1590,95
4620600.03,CT,Saint-Léonard,0.7167,5122,2276,2165,1985,320
4620601.01,CT,Saint-Léonard,0.3159,3046,1306,1260,1305,145
4620601.02,CT,Saint-Léonard,0.423,2914,1451,1375,1095,215
4620602.01,CT,Saint-Léonard,0.5455,2971,1345,1280,1245,105
4620602.02,CT,Saint-Léonard,0.6203,2838,1197,1150,1245,115
4620603.01,CT,Saint-Léonard,0.5251,3724,1651,1540,1480,235
4620603.02,CT,Saint-Léonard,0.619,3548,1478,1410,1610,140
4620603.03,CT,Saint-Léonard,0.3549,3533,1362,1275,1350,180
4620604.01,CT,Saint-Léonard,0.9136,3070,1156,1105,1345,145
4620604.02,CT,Saint-Léonard,0.3222,4301,1749,1655,1810,305
4620604.03,CT,Saint-Léonard,0.4945,3045,1246,1190,1445,140
4620604.04,CT,Saint-Léonard,0.7911,3410,1358,1315,1600,150
4620604.05,CT,Saint-Léonard,0.5991,3540,1505,1420,1735,155
4620605.01,CT,Saint-Léonard,1.3393,2846,1330,1250,1185,75
4620605.02,CT,Saint-Léonard,0.5921,1936,739,720,845,25
4620605.03,CT,Saint-Léonard,1.035,5473,2418,2270,2585,255
4620605.04,CT,Saint-Léonard,1.583,4791,1970,1880,2380,205
4620605.05,CT,Saint-Léonard,0.5666,2322,961,900,1010,130
4620610.01,CT,Montréal-Nord,0.9483,4632,2088,1990,1870,325
4620610.02,CT,Montréal-Nord,0.4612,4689,1858,1810,2195,230
4620610.03,CT,Montréal-Nord,0.7845,5507,2530,2460,2050,220
4620610.04,CT,Montréal-Nord,0.1928,4235,1867,1810,1605,380
4620610.05,CT,Montréal-Nord,0.3791,5060,2071,2000,1855,390
4620610.06,CT,Montréal-Nord,0.3457,2791,1322,1075,1190,130
4620610.07,CT,Montréal-Nord,0.5512,4600,2362,2310,1085,265
4620611.01,CT,Montréal-Nord,0.7098,2661,1166,1140,1155,130
4620611.02,CT,Montréal-Nord,0.5732,5364,2276,2225,2200,270
4620612.00,CT,Montréal-Nord,0.7551,4180,1781,1745,1610,190
4620613.00,CT,Montréal-Nord,0.9905,6790,2902,2835,2760,360
4620614.00,CT,Montréal-Nord,0.4609,3554,1688,1645,1630,125
4620615.00,CT,Montréal-Nord,0.5634,5170,2214,2145,2170,315
4620616.00,CT,Montréal-Nord,0.7657,6068,2608,2505,2435,335
4620617.01,CT,Montréal-Nord,0.892,5313,2235,2195,2160,205
4620617.02,CT,Montréal-Nord,0.6519,3738,1607,1560,1660,180
4620618.00,CT,Montréal-Nord,0.4992,3222,1580,1530,1395,155
4620619.00,CT,Montréal-Nord,0.5494,6026,3530,3390,1790,210
4620625.01,CT,Laval,5.0244,6119,2062,2030,3015,180
4620625.02,CT,Laval,1.9663,5746,1841,1815,2820,255
4620626.00,CT,Laval,10.5538,3697,1390,1355,1955,95
4620627.00,CT,Laval,5.2384,7001,2882,2815,2560,185
4620628.01,CT,Laval,1.7584,4397,1905,1860,2225,115
4620628.02,CT,Laval,0.7836,3608,1549,1510,1950,100
4620629.00,CT,Laval,1.2119,3313,1316,1295,1595,90
4620630.01,CT,Laval,1.2192,3633,1297,1285,1710,105
4620630.02,CT,Laval,2.2057,5253,1904,1865,2740,110
4620631.00,CT,Laval,24.6168,2496,842,795,1370,30
4620632.01,CT,Laval,1.4942,5074,1983,1950,2475,155
4620632.02,CT,Laval,1.9936,4662,1790,1770,2460,150
4620632.03,CT,Laval,4.1363,5256,2125,2100,2755,165
4620632.04,CT,Laval,1.9057,7367,2957,2910,4155,140
4620633.00,CT,Laval,1.6144,5186,2381,2340,2330,115
4620634.00,CT,Laval,0.8295,2983,1257,1225,1450,50
4620635.00,CT,Laval,1.0458,5435,2718,2610,2055,180
4620636.00,CT,Laval,2.231,6184,2621,2565,2980,250
4620637.01,CT,Laval,1.5742,5198,1878,1855,2585,135
4620637.02,CT,Laval,1.433,3603,1844,1770,2135,125
4620638.01,CT,Laval,0.8973,5448,2566,2520,2890,205
4620638.02,CT,Laval,0.4573,2068,864,845,970,45
4620638.03,CT,Laval,0.676,3999,1788,1740,2080,140
4620638.04,CT,Laval,0.8286,6400,3048,2970,3315,270
4620639.00,CT,Laval,1.3481,3528,1635,1590,1695,85
4620640.00,CT,Laval,0.8026,3564,1640,1575,1625,190
4620641.01,CT,Laval,1.3434,6792,3374,3305,3850,220
4620641.02,CT,Laval,1.3179,2121,815,805,1010,60
4620642.00,CT,Laval,9.7038,6898,2979,2920,3365,165
4620643.00,CT,Laval,8.3088,7095,3724,3580,3500,230
4620644.00,CT,Laval,1.4686,1109,469,460,550,25
4620645.00,CT,Laval,1.5501,5239,2872,2790,1840,180
4620646.01,CT,Laval,0.5181,3511,1453,1430,1355,240
4620646.02,CT,Laval,0.6071,3393,1405,1350,1565,140
4620646.03,CT,Laval,0.5083,3353,1693,1675,1400,95
4620647.01,CT,Laval,0.2477,2952,1933,1850,1010,40
4620647.02,CT,Laval,1.6169,5950,2671,2565,2850,295
4620648.00,CT,Laval,1.1282,5125,1894,1860,2265,285
4620649.01,CT,Laval,1.4892,2816,960,935,1580,115
4620649.02,CT,Laval,1.3086,5629,1937,1875,2635,225
4620650.01,CT,Laval,0.7576,4576,1643,1595,2170,195
4620650.02,CT,Laval,0.7254,3907,1421,1370,1785,190
4620650.03,CT,Laval,2.6683,5451,1858,1825,2680,240
4620651.01,CT,Laval,2.1519,5859,2004,1990,3030,195
4620651.02,CT,Laval,5.0996,4513,1444,1410,2485,110
4620652.01,CT,Laval,3.04,5723,2076,2050,2725,120
4620652.02,CT,Laval,11.8045,8145,2991,2910,4645,230
4620652.03,CT,Laval,3.7322,8888,3091,3000,4805,265
4620653.00,CT,Laval,0.6666,952,372,365,550,40
4620654.00,CT,Laval,1.631,806,293,280,440,15
4620655.01,CT,Laval,1.4544,3825,1527,1500,1775,120
4620655.02,CT,Laval,2.4832,5958,2162,2120,2985,210
4620656.01,CT,Laval,6.1534,5747,2155,2105,2810,225
4620656.02,CT,Laval,5.7873,6694,2394,2345,3420,210
4620657.01,CT,Laval,1.8831,3330,1305,1285,1705,50
4620657.02,CT,Laval,1.5741,5695,2064,2050,2995,135
4620657.03,CT,Laval,1.7701,3787,1173,1160,2085,90
4620658.01,CT,Laval,1.265,4756,1703,1695,2720,160
4620658.02,CT,Laval,0.8945,3412,1160,1155,1910,60
4620658.03,CT,Laval,5.3012,6491,2387,2350,3555,200
4620659.02,CT,Laval,3.3875,6689,2582,2530,3555,140
4620659.04,CT,Laval,6.2024,2472,868,840,1445,20
4620659.05,CT,Laval,2.3873,6625,2286,2270,3810,115
4620659.06,CT,Laval,1.7215,3962,1770,1730,1805,70
4620659.07,CT,Laval,2.2924,6841,2466,2445,4130,125
4620660.01,CT,Laval,2.0001,4511,1470,1410,2570,65
4620660.02,CT,Laval,1.4222,5216,1958,1930,2725,185
4620660.03,CT,Laval,2.5381,6068,2051,1980,3265,110
4620661.01,CT,Laval,5.5731,6953,2438,2410,3750,165
4620661.02,CT,Laval,20.2857,7405,2646,2595,4125,205
4620662.00,CT,Laval,28.7336,4547,1641,1605,2255,165
4620675.00,CT,Repentigny,3.2412,5256,2560,2510,2360,160
4620676.01,CT,Repentigny,1.5197,3546,1387,1360,1520,55
4620676.02,CT,Repentigny,1.1469,3083,1112,1110,1645,65
4620676.03,CT,Repentigny,1.2035,2679,925,920,1285,75
4620676.04,CT,Repentigny,1.4703,3455,1156,1145,1985,105
4620677.01,CT,Repentigny,2.265,6450,2565,2540,3220,200
4620677.02,CT,Repentigny,2.2563,5753,2528,2500,3050,170
4620677.03,CT,Repentigny,2.7727,7080,2460,2405,3880,175
4620677.05,CT,Repentigny,1.8455,5256,1640,1625,3005,100
4620677.06,CT,Repentigny,2.7185,2004,643,610,1135,25
4620677.07,CT,Repentigny,1.0373,4501,1609,1600,2540,110
4620677.08,CT,Repentigny,2.4884,5487,1914,1880,3110,140
4620681.00,CT,Saint-Sulpice,36.3606,3343,1266,1200,1610,110
4620682.02,CT,Le Gardeur,12.1421,2733,1059,1035,1340,135
4620682.03,CT,Le Gardeur,21.654,4315,1565,1510,2365,115
4620682.04,CT,Le Gardeur,1.0868,3805,1322,1310,2025,55
4620682.05,CT,Le Gardeur,0.774,3459,1141,1135,1875,90
4620682.06,CT,Le Gardeur,1.6288,3356,1079,1065,1850,50
4620683.00,CT,Charlemagne,2.1641,5662,2420,2375,2780,210
4620684.03,CT,Lachenaie,17.1407,4554,1473,1450,2485,80
4620684.04,CT,Lachenaie,13.3796,5876,2101,2045,3275,165
4620684.05,CT,Lachenaie,3.93,5035,1687,1655,2855,80
4620684.06,CT,Lachenaie,7.7093,6244,2257,2225,3420,190
4620685.02,CT,Mascouche,56.4245,3771,1364,1330,1950,120
4620685.03,CT,Mascouche,7.794,4044,1479,1465,2110,120
4620685.04,CT,Mascouche,0.8449,3526,1102,1095,1995,55
4620685.05,CT,Mascouche,2.7438,3700,1278,1255,1900,90
4620685.06,CT,Mascouche,6.9661,3961,1262,1250,2075,120
4620686.01,CT,Mascouche,25.9091,3545,1256,1225,1860,125
4620686.02,CT,Mascouche,3.9593,3546,1189,1165,1615,145
4620686.03,CT,Mascouche,2.0448,3463,1172,1155,1895,100
4620687.01,CT,Terrebonne,3.1228,4051,1407,1385,2150,150
4620687.02,CT,Terrebonne,42.4473,6766,2357,2280,3370,150
4620687.03,CT,Terrebonne,15.734,3740,1394,1345,2045,125
4620687.04,CT,Terrebonne,1.7595,5340,1828,1800,2920,125
4620687.06,CT,Terrebonne,2.8124,4485,1701,1665,2480,120
4620687.07,CT,Terrebonne,1.8756,6262,1993,1970,3400,155
4620688.01,CT,Sainte-Anne-des-Plaines,3.7082,9885,3403,3305,4785,310
4620688.02,CT,Sainte-Anne-des-Plaines,89.125,3023,879,840,1295,65
4620689.01,CT,La Plaine,2.8335,4146,1358,1340,2175,175
4620689.02,CT,La Plaine,1.5993,3188,1032,1010,1480,100
4620689.03,CT,La Plaine,3.8187,4169,1388,1345,2020,155
4620689.04,CT,La Plaine,31.958,4170,1408,1370,1985,140
4620690.00,CT,Saint-Antoine-de-Lavaltrie,65.3274,5196,1895,1815,2435,215
4620691.00,CT,Lavaltrie,2.81,5967,2109,2065,2760,115
4620692.00,CT,L'Assomption,64.0091,5884,2034,2000,3235,130
4620693.00,CT,L'Assomption,2.0144,5344,2225,2175,2525,180
4620694.00,CT,L'Assomption,32.9679,4387,1537,1490,2310,115
4620700.01,CT,Terrebonne,1.316,4871,2234,2185,2130,140
4620700.03,CT,Terrebonne,1.5686,2967,1234,1205,1430,160
4620700.04,CT,Terrebonne,1.5498,4667,2153,2090,2385,180
4620701.00,CT,Bois-des-Filion,4.081,7712,2891,2810,4015,270
4620702.01,CT,Lorraine,2.1304,2446,821,815,1385,70
4620702.02,CT,Lorraine,3.8947,7030,2235,2195,3815,155
4620703.02,CT,Rosemère,4.4477,3847,1486,1415,1890,105
4620703.03,CT,Rosemère,3.0399,3982,1383,1340,1985,60
4620703.04,CT,Rosemère,3.2454,5562,1790,1740,2875,140
4620704.01,CT,Boisbriand,1.8077,4983,2229,2170,2710,145
4620704.03,CT,Boisbriand,16.9811,8301,2647,2590,3935,210
4620704.04,CT,Boisbriand,1.7716,5137,1666,1645,2730,125
4620704.05,CT,Boisbriand,4.9345,6503,2250,2200,3555,105
4620704.06,CT,Boisbriand,2.3758,1805,703,670,870,75
4620705.01,CT,Sainte-Thérèse,1.6102,3780,1234,1225,2235,75
4620705.02,CT,Sainte-Thérèse,1.9557,4783,2245,2180,2630,110
4620706.00,CT,Sainte-Thérèse,1.3621,3150,1672,1615,1535,160
4620707.00,CT,Sainte-Thérèse,1.8586,4455,2207,2125,1905,200
4620708.01,CT,Sainte-Thérèse,1.1921,4838,2184,2090,2630,185
4620708.02,CT,Sainte-Thérèse,1.6082,3263,1337,1300,1750,60
4620709.01,CT,Blainville,3.7266,5040,1797,1725,2715,85
4620709.02,CT,Blainville,2.3458,4153,1674,1595,2180,145
4620710.01,CT,Blainville,34.6254,6301,2126,2055,3350,135
4620710.02,CT,Blainville,6.9682,7023,2370,2240,3815,140
4620710.03,CT,Blainville,3.0834,5911,2098,2035,3025,225
4620710.04,CT,Blainville,4.6588,7601,2718,2640,4055,225
4620725.03,CT,Saint-Eustache,1.562,3855,1398,1380,2165,145
4620725.04,CT,Saint-Eustache,2.839,3450,1248,1210,2020,45
4620725.05,CT,Saint-Eustache,6.8047,9730,3258,3190,5565,195
4620725.06,CT,Saint-Eustache,51.959,1750,621,600,875,30
4620726.01,CT,Saint-Eustache,1.8731,6648,2681,2625,3440,210
4620726.03,CT,Saint-Eustache,1.3085,5231,2216,2160,2605,180
4620726.04,CT,Saint-Eustache,0.7842,2229,698,695,1165,60
4620727.01,CT,Saint-Eustache,1.1189,3372,1661,1580,1615,125
4620727.02,CT,Saint-Eustache,1.5623,4113,1677,1625,2075,130
4620728.01,CT,Deux-Montagnes,1.7496,6646,2432,2375,3670,210
4620728.02,CT,Deux-Montagnes,1.9814,3924,1476,1425,1880,190
4620728.03,CT,Deux-Montagnes,0.9237,2741,981,960,1285,95
4620729.00,CT,Deux-Montagnes,1.5032,3769,1633,1580,1765,140
4620730.01,CT,Sainte-Marthe-sur-le-Lac,6.3678,2750,930,900,1415,105
4620730.02,CT,Sainte-Marthe-sur-le-Lac,3.152,5992,2330,2230,2845,225
4620731.00,CT,Pointe-Calumet,4.8144,5604,2268,2085,2520,220
4620732.01,CT,Saint-Joseph-du-Lac,41.6442,4882,1704,1660,2585,110
4620732.02,CT,Oka,69.4615,3194,1296,1220,1650,40
4620733.00,CT,Mirabel,274.4591,5601,2263,2060,2830,105
4620734.01,CT,Mirabel,131.2017,5242,1975,1890,2510,120
4620734.02,CT,Mirabel,61.3453,7495,2671,2590,4045,160
4620735.01,CT,Mirabel,52.8326,4919,1859,1795,2535,130
4620735.02,CT,Mirabel,9.0566,5610,2086,2055,3055,190
4620740.00,CT,Gore,189.1429,8780,4258,3390,4320,300
4620750.01,CT,Notre-Dame-de-l'Île-Perrot,15.4038,3997,1519,1450,2215,70
4620750.02,CT,Notre-Dame-de-l'Île-Perrot,12.3418,4549,1564,1500,2560,120
4620750.03,CT,L'Île-Perrot,6.4845,11422,4792,4645,6185,340
4620751.01,CT,Pincourt,3.1984,5330,1991,1960,2630,155
4620751.02,CT,Pincourt,4.3414,4777,1617,1580,2605,85
4620755.00,CT,Vaudreuil-Dorion,26.5167,8379,3676,3500,4285,250
4620756.02,CT,Vaudreuil-Dorion,10.7853,718,267,255,370,30
4620756.03,CT,Vaudreuil-Dorion,34.1423,4488,1628,1545,2495,130
4620756.04,CT,Vaudreuil-Dorion,2.8039,3800,1438,1380,2045,45
4620756.05,CT,Vaudreuil-Dorion,2.2691,4468,1849,1780,2690,70
4620757.00,CT,Hudson,21.9487,4796,2030,1960,2210,135
4620758.01,CT,Saint-Lazare,39.4429,6468,2122,2080,3360,135
4620758.02,CT,Saint-Lazare,27.4955,6427,2239,2165,3325,170
4620760.00,CT,Les Cèdres,80.0395,5128,1915,1840,2750,105
4620775.00,CT,Léry,10.5304,2378,977,915,1105,80
4620776.00,CT,Maple Grove,8.2411,2628,1112,1070,1320,85
4620777.00,CT,Melocheville,67.4901,8836,3888,3765,4070,195
4620780.00,CT,Saint-Jérôme,1.469,3649,1634,1570,1615,145
4620781.00,CT,Saint-Jérôme,2.4232,4998,2800,2690,1685,230
4620782.00,CT,Saint-Jérôme,2.5923,3185,1505,1465,1480,175
4620783.00,CT,Saint-Jérôme,4.9486,4609,2253,2215,1705,230
4620784.00,CT,Saint-Jérôme,1.2479,3990,2028,1955,1500,225
4620785.00,CT,Saint-Jérôme,3.6507,4152,1921,1870,1765,275
4620786.00,CT,Saint-Antoine,3.3915,5082,2008,1970,2420,180
4620787.00,CT,Saint-Antoine,6.5387,6406,2611,2555,3345,195
4620788.00,CT,Lafontaine,2.1954,4703,2188,2130,2250,210
4620789.00,CT,Lafontaine,12.1724,4774,1825,1780,2625,110
4620790.00,CT,Bellefeuille,14.6803,4583,1791,1745,2495,180
4620791.00,CT,Bellefeuille,4.5389,5665,2058,2015,3240,110
4620792.00,CT,Bellefeuille,31.0253,3818,1478,1410,1915,165
4620800.01,CT,Châteauguay,3.6129,3600,1347,1325,1660,95
4620800.02,CT,Châteauguay,1.6595,4316,1850,1815,1845,135
4620801.00,CT,Châteauguay,2.6142,7087,2744,2680,3240,190
4620802.00,CT,Châteauguay,5.9,3688,1338,1295,1865,65
4620804.00,CT,Châteauguay,12.6877,7540,2851,2810,3840,150
4620805.00,CT,Châteauguay,3.2226,7035,2729,2655,3135,250
4620806.01,CT,Châteauguay,1.6245,3065,1216,1185,1575,120
4620806.02,CT,Châteauguay,4.7474,4672,1607,1595,2235,155
4620807.01,CT,Mercier,19.2553,6013,2066,2030,3120,120
4620807.02,CT,Mercier,26.8474,3429,1260,1225,1770,50
4620825.01,CT,Brossard,12.8422,6263,2185,2150,3035,155
4620825.02,CT,Brossard,0.9372,4088,1563,1535,2185,230
4620825.03,CT,Brossard,1.3256,5418,2294,2245,2680,180
4620825.04,CT,Brossard,1.7316,5285,1985,1960,2440,230
4620825.05,CT,Brossard,1.8562,4743,1901,1870,2145,225
4620826.02,CT,Brossard,1.6875,4794,1750,1725,2525,155
4620826.05,CT,Brossard,1.7105,4106,1474,1425,2210,145
4620826.06,CT,Brossard,1.1296,4105,1508,1485,2020,200
4620826.07,CT,Brossard,0.9176,3343,1254,1240,1750,70
4620826.08,CT,Brossard,1.2327,3646,1241,1225,2265,115
4620826.09,CT,Brossard,1.3274,3686,1062,1035,1795,125
4620826.10,CT,Brossard,2.1214,4225,1305,1265,2165,130
4620826.11,CT,Brossard,1.0638,4392,1830,1810,2205,130
4620826.12,CT,Brossard,15.2574,4469,1490,1440,2390,140
4620827.02,CT,La Prairie,3.8397,7255,3428,3345,3660,220
4620827.03,CT,La Prairie,4.348,7242,2324,2305,3975,125
4620827.04,CT,La Prairie,35.7262,4399,1734,1695,2435,110
4620828.02,CT,Candiac,11.6165,5087,1657,1625,2790,95
4620828.03,CT,Candiac,2.9105,3736,1438,1410,1970,90
4620828.04,CT,Candiac,3.0072,3852,1607,1585,2390,100
4620829.00,CT,Delson,7.1939,7024,2566,2525,3705,285
4620830.01,CT,Sainte-Catherine,7.3699,7111,2644,2590,3760,230
4620830.02,CT,Sainte-Catherine,2.8501,8842,3247,3210,4845,230
4620831.03,CT,Saint-Constant,2.0756,4601,1696,1675,2265,270
4620831.04,CT,Saint-Constant,1.7266,5184,1768,1755,2750,160
4620831.05,CT,Saint-Constant,1.9035,4739,1502,1490,2465,100
4620831.06,CT,Saint-Constant,6.1777,7200,2394,2375,3980,185
4620831.07,CT,Saint-Mathieu,77.0247,2814,1113,1050,1460,50
4620832.00,CT,Kahnawake 14,51.4582,0,0,0,x,x
4620833.00,CT,Saint-Philippe,62.2321,3892,1445,1420,1990,140
4620834.00,CT,Saint-Isidore,51.9627,2371,877,850,1205,90
4620850.01,CT,Chambly,4.1783,5811,1954,1945,3035,140
4620850.03,CT,Chambly,1.5086,4206,1699,1670,2220,135
4620850.04,CT,Chambly,8.3668,2762,889,885,1520,55
4620850.05,CT,Chambly,7.7972,2783,953,940,1450,40
4620851.00,CT,4620851.00,3.3619,4780,2072,2030,2275,180
4620852.01,CT,Carignan,54.6194,5163,1877,1815,2840,130
4620852.02,CT,Carignan,7.9573,752,316,300,365,10
4620853.02,CT,Saint-Basile-le-Grand,20.125,4041,1545,1515,2245,90
4620853.03,CT,Saint-Basile-le-Grand,3.0769,3473,1209,1200,1940,95
4620853.04,CT,Saint-Basile-le-Grand,12.9018,4871,1638,1610,2750,130
4620854.01,CT,Saint-Bruno-de-Montarville,2.8109,5573,1952,1910,2940,70
4620854.02,CT,Saint-Bruno-de-Montarville,20.6955,6040,2090,2035,3335,150
4620855.01,CT,Saint-Bruno-de-Montarville,7.9316,5168,1810,1775,2785,130
4620855.02,CT,Saint-Bruno-de-Montarville,12.1877,7062,3076,2960,3670,140
4620856.00,CT,Saint-Hubert,15.8938,1724,804,680,945,65
4620857.01,CT,Saint-Hubert,1.5178,4927,1885,1805,2615,135
4620857.02,CT,Saint-Hubert,1.1776,4446,1615,1575,2245,190
4620857.06,CT,Saint-Hubert,1.4482,5888,2164,2060,3250,150
4620857.07,CT,Saint-Hubert,9.991,6207,2077,1985,3530,165
4620857.08,CT,Saint-Hubert,3.9081,3834,1768,1715,2040,95
4620857.09,CT,Saint-Hubert,2.3559,3605,1214,1180,2060,125
4620857.10,CT,Saint-Hubert,6.4827,3772,1288,1255,2065,145
4620857.11,CT,Saint-Hubert,2.1427,3327,1193,1170,1775,105
4620857.12,CT,Saint-Hubert,1.1011,3974,1408,1375,2075,150
4620858.01,CT,Saint-Hubert,1.5232,4775,1680,1630,2465,95
4620858.02,CT,Saint-Hubert,1.1997,4083,1512,1480,2025,140
4620858.03,CT,Saint-Hubert,12.9019,7554,2526,2465,4150,285
4620859.00,CT,Brossard,0.7395,2463,953,935,1155,75
4620860.01,CT,Greenfield Park,1.6777,6514,2331,2260,3340,255
4620860.02,CT,Greenfield Park,1.1936,4005,1602,1550,1750,140
4620861.00,CT,Greenfield Park,1.9062,6459,3247,3085,2870,340
4620862.00,CT,Saint-Lambert,2.3863,6877,3689,3500,3310,135
4620863.01,CT,Saint-Lambert,1.4835,3323,1557,1485,1550,70
4620863.02,CT,Saint-Lambert,2.1286,5637,3073,2920,2400,110
4620864.00,CT,Saint-Lambert,2.1524,5214,2194,2110,2700,120
4620865.00,CT,LeMoyne,0.5046,1712,951,870,780,90
4620866.00,CT,LeMoyne,0.4958,3143,1754,1640,1585,115
4620867.00,CT,Saint-Hubert,1.5145,6312,3035,2910,3250,295
4620868.01,CT,Saint-Hubert,1.5934,5775,2143,2080,2915,275
4620868.02,CT,Saint-Hubert,1.2298,5709,2417,2325,2725,285
4620869.00,CT,Longueuil,1.0771,3300,1295,1285,1585,95
4620870.01,CT,Longueuil,1.0485,4028,1641,1565,1895,220
4620870.02,CT,Longueuil,0.5932,2345,1044,1010,1045,120
4620871.01,CT,Longueuil,0.7271,3921,1832,1795,1770,135
4620871.02,CT,Longueuil,0.4718,2109,829,805,1080,60
4620872.00,CT,Longueuil,1.7252,6133,2872,2645,3040,235
4620873.01,CT,Longueuil,0.4221,4524,2034,1925,1970,260
4620873.02,CT,Longueuil,0.656,4494,2206,2055,2155,290
4620874.00,CT,Longueuil,0.8599,5049,2323,2230,2205,270
4620875.00,CT,Longueuil,0.723,5066,2608,2510,2515,215
4620876.01,CT,Longueuil,0.7449,4062,1763,1690,1635,245
4620876.03,CT,Longueuil,1.9981,7680,3037,2955,4195,335
4620876.04,CT,Longueuil,2.3308,5709,1904,1885,3170,150
4620876.05,CT,Longueuil,4.7522,6697,2637,2590,3620,150
4620877.01,CT,Longueuil,5.0827,4480,1810,1780,2565,100
4620877.02,CT,Longueuil,1.4878,5835,2450,2395,2860,230
4620878.00,CT,Longueuil,1.0817,5254,2668,2595,2505,260
4620879.01,CT,Longueuil,0.6202,3120,1626,1560,1380,215
4620879.02,CT,Longueuil,0.7649,3888,2024,1975,2075,125
4620880.00,CT,Longueuil,0.9029,4192,2185,2120,2135,150
4620881.01,CT,Longueuil,0.5394,3378,1752,1605,1555,220
4620881.02,CT,Longueuil,0.6119,3608,1867,1710,1815,180
4620882.00,CT,Longueuil,0.7162,2550,1359,1220,1210,135
4620883.00,CT,Longueuil,1.0265,2404,1484,1255,1305,130
4620884.01,CT,Longueuil,0.8668,2959,1666,1580,1420,160
4620884.02,CT,Longueuil,1.9197,7171,4329,4170,3075,185
4620885.00,CT,Longueuil,1.6144,3900,1894,1840,1760,140
4620886.01,CT,Longueuil,4.3972,3388,1520,1490,2045,100
4620886.02,CT,Longueuil,2.1278,3371,1278,1255,2015,75
4620886.03,CT,Longueuil,1.9537,3401,1508,1480,1790,100
4620887.02,CT,Boucherville,13.7302,9074,3359,3260,5440,215
4620887.03,CT,Boucherville,11.0978,3865,1303,1285,2020,85
4620887.04,CT,Boucherville,1.9578,5500,2365,2320,2885,110
4620888.00,CT,Boucherville,34.9771,7486,2502,2465,4055,130
4620889.01,CT,Boucherville,1.3944,2876,1272,1240,1325,90
4620889.02,CT,Boucherville,4.0171,2782,1092,1055,1460,55
4620889.03,CT,Boucherville,3.3407,4670,1881,1845,2360,140
4620900.00,CT,Beloeil,2.2566,4775,1990,1965,2285,175
4620901.01,CT,Beloeil,2.4407,4923,2019,1990,2480,140
4620901.02,CT,Beloeil,1.6636,4810,1749,1740,2650,135
4620901.03,CT,Beloeil,17.7279,4545,1496,1485,2440,165
4620902.00,CT,McMasterville,3.1026,3984,1497,1480,2120,160
4620903.01,CT,Sainte-Julie,10.0574,6474,2598,2520,3815,130
4620903.04,CT,Sainte-Julie,1.413,4325,1521,1505,2545,70
4620903.05,CT,Sainte-Julie,1.1402,4017,1370,1355,2235,75
4620903.06,CT,Sainte-Julie,5.8057,6708,2266,2185,3745,170
4620903.07,CT,Saint-Mathieu-de-Beloeil,70.5531,4213,1429,1395,2365,130
4620903.08,CT,Sainte-Julie,0.747,3079,1028,1015,1685,70
4620903.09,CT,Saint-Amable,13.8023,3657,1282,1245,1975,100
4620903.10,CT,Saint-Amable,22.9482,3621,1298,1245,1810,105
4620904.02,CT,Varennes,16.2349,3544,1535,1450,1970,50
4620904.03,CT,Varennes,71.6643,3911,1430,1385,2260,65
4620904.04,CT,Varennes,1.3511,4168,1346,1315,2250,95
4620904.05,CT,Varennes,1.3494,3802,1373,1335,2045,90
4620904.06,CT,Varennes,1.1814,4228,1335,1300,2390,75
4620926.01,CT,Richelieu,30.9267,4851,1931,1870,2350,145
4620926.02,CT,Saint-Mathias-sur-Richelieu,47.3138,4149,1605,1560,2195,125
4620929.00,CT,Otterburn Park,5.3476,7866,2917,2840,4230,205
4620930.02,CT,Mont-Saint-Hilaire,15.6857,5721,2371,2325,3300,160
4620930.03,CT,Mont-Saint-Hilaire,7.6006,2785,932,910,1500,95
4620930.04,CT,Mont-Saint-Hilaire,21.0081,5764,2211,2160,2865,110