GeoUID,Type,Region Name,Area (sq km),Population ,Dwellings ,Households ,"v_CA16_5051: Total - Highest certificate, diploma or degree for the population aged 15 years and over in private households - 25% sample data","v_CA16_5096: Total - Highest certificate, diploma or degree for the population aged 25 to 64 years in private households - 25% sample data","v_CA16_5078: University certificate, diploma or degree at bachelor level or above","v_CA16_5123: University certificate, diploma or degree at bachelor level or above"
4620001.00,CT,Montréal,0.46188,2638,1452,1328,2285,1590,330,295
4620002.00,CT,Montréal,0.38927,3516,1902,1762,2870,1955,335,275
4620003.00,CT,Montréal,0.7401,6373,3103,2937,5245,3555,770,700
4620004.00,CT,Montréal,0.44828,3176,1704,1603,2770,1920,405,360
4620005.00,CT,Montréal,0.56464,3060,1749,1593,2620,1810,385,345
4620006.00,CT,Montréal,0.64815,4467,2149,1993,3515,2420,530,450
4620007.00,CT,Montréal,1.09059,5682,2946,2809,4910,3270,1015,845
4620008.00,CT,Montréal,0.6229,3016,1586,1465,2660,1875,530,475
4620009.00,CT,Montréal,4.26975,3470,1770,1640,3030,2120,405,360
4620010.00,CT,Montréal,0.92115,1479,754,701,1220,880,240,205
4620011.00,CT,Montréal,1.24911,6622,2898,2826,4880,3325,1445,1260
4620012.01,CT,Montréal,0.23776,2502,1370,1315,2150,1325,275,250
4620012.02,CT,Montréal,0.39639,4034,2175,2016,3330,2250,665,575
4620013.00,CT,Montréal,1.08415,5166,2904,2704,4335,2950,1005,835
4620014.01,CT,Montréal,0.90072,7545,4302,4090,6470,4895,2185,2000
4620014.02,CT,Montréal,0.87177,0,4,1,x,x,x,x
4620015.00,CT,Montréal,0.37692,4103,2339,2206,3305,2620,915,875
4620016.00,CT,Montréal,0.51911,2539,1315,1174,1890,1505,505,465
4620017.00,CT,Montréal,0.22436,2141,1237,1187,1775,1340,480,440
4620018.00,CT,Montréal,0.36776,2004,1219,1136,1695,1315,495,440
4620019.00,CT,Montréal,0.33256,2340,1434,1296,2120,1490,560,520
4620021.00,CT,Montréal,0.44307,2891,1676,1433,2475,1775,490,465
4620022.00,CT,Montréal,0.17097,1550,870,798,1230,940,340,325
4620023.00,CT,Montréal,0.3583,1282,719,686,1175,910,315,280
4620024.00,CT,Montréal,0.2761,2647,1509,1446,2430,1765,680,605
4620025.00,CT,Montréal,0.22328,3016,1650,1511,2475,1975,710,655
4620026.00,CT,Montréal,0.17478,2581,1589,1498,2245,1735,675,605
4620027.00,CT,Montréal,0.09496,1650,982,923,1520,1130,340,315
4620028.00,CT,Montréal,0.1577,2077,1218,1152,1875,1495,640,610
4620029.00,CT,Montréal,0.40146,3679,2096,2003,3100,2340,990,885
4620030.00,CT,Montréal,0.30173,3131,1957,1798,2775,2025,905,790
4620031.00,CT,Montréal,0.25702,2659,1636,1516,2320,1785,890,800
4620032.00,CT,Montréal,0.12332,1609,1040,967,1400,1140,465,415
4620033.00,CT,Montréal,0.15341,1735,1044,968,1565,1135,450,380
4620034.00,CT,Montréal,0.21363,2559,1458,1354,2365,1730,595,525
4620035.00,CT,Montréal,0.18145,2002,1203,1124,1735,1345,635,550
4620036.00,CT,Montréal,0.18566,2074,1310,1195,1840,1400,710,640
4620037.00,CT,Montréal,0.50573,3337,2196,2118,3030,1950,870,760
4620038.00,CT,Montréal,0.21045,1917,1083,983,1700,1245,530,490
4620039.00,CT,Montréal,0.47657,2366,1283,1185,1865,1455,600,545
4620040.00,CT,Montréal,2.22413,0,0,0,x,x,x,x
4620041.00,CT,Montréal,0.25928,1680,1130,993,1540,1180,565,480
4620042.00,CT,Montréal,0.10259,944,678,604,900,680,385,320
4620043.00,CT,Montréal,0.35372,1015,664,562,810,660,390,365
4620044.00,CT,Montréal,0.13633,2053,1350,1189,1890,1435,735,670
4620045.00,CT,Montréal,0.11751,1400,1053,900,1300,930,345,300
4620046.00,CT,Montréal,0.15899,1995,1358,1202,1840,1510,730,670
4620047.00,CT,Montréal,0.11852,742,400,386,675,535,265,230
4620048.00,CT,Montréal,0.14027,2214,1330,1218,1995,1625,935,865
4620049.00,CT,Montréal,0.16419,1312,987,818,1230,845,540,460
4620050.00,CT,Montréal,0.07059,1308,768,693,1015,770,445,380
4620051.00,CT,Montréal,0.21395,1463,960,823,1285,945,665,575
4620052.00,CT,Montréal,0.13925,1959,1218,1105,1695,1125,670,535
4620053.00,CT,Montréal,0.10786,1088,903,747,1070,710,490,405
4620054.00,CT,Montréal,0.15038,1406,813,685,1045,860,560,490
4620055.01,CT,Montréal,0.73192,4758,3660,2824,4205,3240,2555,2105
4620055.02,CT,Montréal,1.31423,822,531,458,705,405,445,280
4620056.00,CT,Montréal,0.28822,1552,1148,942,1415,780,585,445
4620057.00,CT,Montréal,0.14567,1617,870,731,1035,710,500,430
4620058.00,CT,Montréal,0.1513,1123,920,754,995,690,485,435
4620059.00,CT,Montréal,0.20281,1384,1011,831,1370,945,780,590
4620060.00,CT,Montréal,0.0914,1246,784,584,1125,470,75,40
4620061.00,CT,Montréal,0.21697,699,496,396,665,505,385,340
4620062.00,CT,Montréal,0.82871,2492,2596,1510,2430,1600,1505,1195
4620063.00,CT,Montréal,0.36348,1134,898,699,885,560,500,405
4620064.00,CT,Montréal,0.24016,1763,1488,1024,1750,945,960,695
4620065.01,CT,Montréal,0.13685,6883,4887,4223,6460,3970,3665,2845
4620065.02,CT,Montréal,0.14526,3642,2627,2188,3380,2145,1890,1480
4620066.01,CT,Montréal,0.22874,2939,1927,1584,2715,1720,1500,1165
4620066.02,CT,Montréal,0.18054,2213,1771,1515,2010,1220,945,735
4620067.00,CT,Montréal,0.14662,1817,862,811,1525,1060,585,510
4620068.00,CT,Montréal,0.16091,2053,705,668,1390,880,160,130
4620069.01,CT,Montréal,0.43518,3959,2207,1973,3265,2505,2240,1960
4620069.02,CT,Montréal,0.25935,1469,1155,911,1320,1170,800,765
4620070.01,CT,Montréal,0.26222,2002,1672,1290,1890,1630,1280,1150
4620070.02,CT,Montréal,0.35684,3334,2334,2034,2855,2495,1840,1745
4620071.00,CT,Montréal,0.45052,0,0,0,x,x,x,x
4620072.00,CT,Montréal,2.58434,3585,1933,1791,2915,2210,865,820
4620073.00,CT,Montréal,0.33001,1848,1238,1115,1625,1125,615,520
4620074.00,CT,Montréal,0.40053,3610,1868,1694,3050,2350,975,930
4620075.00,CT,Montréal,0.30918,2797,1504,1427,2340,1690,800,725
4620076.00,CT,Montréal,0.36891,2989,1768,1577,2540,1900,985,855
4620077.00,CT,Montréal,0.41785,2967,1468,1373,2355,1720,900,780
4620078.00,CT,Montréal,0.37255,4013,2199,2048,3320,2285,1490,1230
4620079.00,CT,Montréal,0.59593,4599,2780,2567,4010,3050,1780,1600
4620080.00,CT,Montréal,0.09005,780,431,397,780,575,430,350
4620081.00,CT,Montréal,0.26297,3501,2272,2111,3230,2690,1590,1430
4620082.00,CT,Montréal,0.3,2226,1201,1098,1850,1360,525,485
4620083.00,CT,Montréal,0.41288,3339,1931,1771,2940,2300,1100,995
4620084.00,CT,Montréal,0.34449,2600,1451,1334,2080,1475,665,615
4620085.00,CT,Montréal,1.20008,751,397,341,575,400,115,105
4620086.00,CT,Montréal,0.52712,4068,2230,2095,3550,2405,960,840
4620087.00,CT,Montréal,0.2624,3406,1718,1581,2810,2090,590,560
4620088.00,CT,Montréal,0.33773,3542,1981,1850,2955,2000,575,520
4620089.00,CT,Montréal,0.52595,4888,2562,2412,4340,2935,1120,1005
4620090.00,CT,Montréal,0.43559,4593,2269,2149,3725,2585,985,875
4620091.00,CT,Montréal,1.06356,5,1,1,x,x,x,x
4620092.00,CT,Montréal,0.55846,6124,2937,2797,5040,3355,1045,930
4620093.00,CT,Montréal,0.73532,3242,1679,1539,2670,1975,445,410
4620094.01,CT,Montréal,1.79288,6102,3403,2960,5025,3510,1480,1315
4620094.02,CT,Montréal,1.8858,5,6,5,x,x,x,x
4620095.00,CT,Montréal,0.22158,2109,1230,1068,1780,1255,840,700
4620096.00,CT,Montréal,0.19301,2276,1234,1086,1995,1405,940,805
4620097.01,CT,Montréal,0.35263,6285,3528,3298,5315,4075,2335,2115
4620097.02,CT,Montréal,0.39373,3831,2167,1962,3105,2390,1350,1240
4620098.00,CT,Montréal,1.0373,5332,2428,2245,4375,2805,1900,1530
4620099.00,CT,Montréal,0.6915,5627,2782,2622,4655,2785,2180,1670
4620100.01,CT,Montréal,0.45796,4061,2022,1848,3300,2220,1310,1100
4620100.02,CT,Montréal,0.35548,3474,1618,1424,2775,1940,1020,885
4620101.01,CT,Montréal,0.35354,4016,1970,1823,3320,1920,1040,815
4620101.02,CT,Montréal,0.3587,3808,1711,1552,3000,2025,880,760
4620102.00,CT,Montréal,0.58982,4213,2194,1983,3505,2430,1935,1545
4620103.00,CT,Montréal,0.3331,2413,1150,1101,2060,1345,1305,970
4620104.00,CT,Montréal,0.37987,2821,1162,1129,2365,1515,1520,1180
4620105.00,CT,Montréal,0.30333,3342,1694,1550,2655,1785,1505,1185
4620106.00,CT,Montréal,0.23751,2114,968,912,1550,1030,895,665
4620107.00,CT,Montréal,0.15524,1544,883,801,1335,1015,650,580
4620108.00,CT,Montréal,0.56402,4107,1755,1629,3160,2010,1855,1435
4620109.00,CT,Montréal,0.1668,2120,1137,1055,1880,1270,905,755
4620110.00,CT,Montréal,0.24556,3836,2130,1949,3295,2370,1460,1325
4620111.00,CT,Montréal,0.74973,6542,3198,2835,5415,3510,1975,1550
4620112.01,CT,Montréal,0.63065,5346,1945,1753,4165,2820,905,770
4620112.02,CT,Montréal,0.27633,4087,1953,1855,3440,2150,1005,765
4620113.00,CT,Montréal,0.49532,5099,2341,2143,4205,2845,1870,1515
4620114.00,CT,Montréal,0.2832,1989,977,874,1710,1015,935,665
4620115.01,CT,Montréal,0.21886,2005,985,862,1655,1035,990,730
4620115.02,CT,Montréal,0.42712,5866,3921,3421,5230,3370,2990,2280
4620116.00,CT,Montréal,0.64143,6649,3351,2981,5305,3475,2330,1810
4620117.00,CT,Montréal,0.27047,4359,1614,1506,3255,2325,945,825
4620118.00,CT,Montréal,0.3038,4411,1686,1575,3635,2420,1005,855
4620119.00,CT,Montréal,0.57539,6337,2553,2393,5060,3610,1205,1085
4620120.01,CT,Mont-Royal,2.63402,5690,2913,2686,4650,3455,1970,1760
4620120.02,CT,Côte-Saint-Luc,0.19832,1029,464,450,870,430,400,260
4620121.00,CT,Montréal,0.38542,1769,718,689,1440,935,865,700
4620122.00,CT,Montréal,0.66607,6595,3366,2949,5250,3680,1495,1260
4620123.00,CT,Montréal,0.41044,6249,3559,3128,5200,3400,2465,1970
4620124.00,CT,Montréal,0.37836,5729,2899,2592,4555,3140,1720,1420
4620125.00,CT,Montréal,0.47588,6272,2866,2617,4980,2595,2175,1440
4620126.00,CT,Montréal,0.7459,2536,1116,897,1690,745,860,545
4620127.01,CT,Montréal,0.486,5554,3780,3252,5055,2825,2745,1980
4620127.02,CT,Montréal,1.32039,5,4,3,x,x,x,x
4620128.00,CT,Montréal,3.02289,3491,2006,1773,3180,1795,1950,1300
4620129.01,CT,Montréal,0.28444,3835,2933,2221,3615,1980,2255,1510
4620129.02,CT,Montréal,0.35879,3438,2982,2112,3180,1330,1775,985
4620130.00,CT,Montréal,0.15351,2946,2791,2026,2845,1295,1555,1055
4620131.00,CT,Montréal,0.10462,3137,2672,2067,2855,1425,1575,1060
4620132.00,CT,Montréal,0.26711,4865,3801,3061,4180,2510,2260,1690
4620133.00,CT,Montréal,0.14552,2508,1737,1450,2260,1375,1095,860
4620134.00,CT,Montréal,0.08604,1057,745,617,945,705,625,495
4620135.00,CT,Montréal,0.12044,1758,974,856,1510,1130,880,740
4620136.00,CT,Montréal,0.18156,2774,1691,1479,2420,1745,1190,1055
4620137.00,CT,Montréal,0.18231,1165,734,629,985,555,430,340
4620138.00,CT,Montréal,0.27868,1994,1216,1030,1850,1085,915,655
4620139.00,CT,Montréal,0.22046,3174,1887,1648,2895,2115,1545,1325
4620140.00,CT,Montréal,0.11807,1420,733,681,1265,910,710,595
4620141.00,CT,Montréal,0.11994,1623,920,804,1395,1125,910,785
4620142.00,CT,Montréal,0.10996,1657,982,854,1405,960,690,545
4620143.00,CT,Montréal,0.17284,2418,1604,1416,2065,1300,1000,775
4620144.00,CT,Montréal,0.19108,3512,2280,2045,3030,2245,1855,1500
4620145.00,CT,Montréal,0.43956,0,0,0,x,x,x,x
4620146.00,CT,Montréal,0.14146,2391,1529,1427,2110,1695,1165,1040
4620147.00,CT,Montréal,0.16824,2749,1670,1519,2415,1845,1345,1170
4620148.00,CT,Montréal,0.14256,1306,502,472,860,670,440,410
4620149.00,CT,Montréal,0.13819,3161,1924,1756,2770,2120,1380,1175
4620150.00,CT,Montréal,0.16464,2474,1516,1375,2110,1630,945,835
4620151.00,CT,Montréal,0.11707,2215,1172,1126,1760,1410,930,815
4620152.00,CT,Montréal,0.13642,1525,935,863,1385,1090,650,605
4620153.00,CT,Montréal,0.27978,785,496,431,610,460,150,140
4620154.00,CT,Montréal,0.12439,1144,635,615,965,750,475,425
4620155.00,CT,Montréal,0.10595,1753,1074,1005,1470,1155,705,655
4620156.00,CT,Montréal,0.13767,1923,1155,1078,1635,1345,825,765
4620157.00,CT,Montréal,0.16114,2132,1209,1120,1905,1470,1035,890
4620158.00,CT,Montréal,0.1382,2021,1299,1189,1765,1415,990,875
4620159.00,CT,Montréal,0.1239,1942,1026,963,1750,1290,965,845
4620160.00,CT,Montréal,0.1202,1749,1113,1028,1530,1100,880,750
4620161.00,CT,Montréal,0.13912,1934,1088,993,1700,1315,830,765
4620162.00,CT,Montréal,0.09334,1574,996,918,1410,1020,870,705
4620163.00,CT,Montréal,0.20235,3096,1639,1457,2625,1860,1370,1110
4620164.00,CT,Montréal,0.06939,1301,816,738,1165,840,735,605
4620165.00,CT,Montréal,0.15013,2455,1209,1099,2030,1420,890,760
4620166.00,CT,Montréal,0.23481,491,336,271,410,350,165,150
4620167.00,CT,Montréal,0.20549,2549,1229,1157,2075,1520,1020,925
4620168.00,CT,Montréal,0.17021,2886,1238,1136,2005,1505,1035,890
4620169.00,CT,Montréal,0.14726,2216,1042,973,1790,1315,940,795
4620170.00,CT,Montréal,0.15803,2111,1168,1044,1790,1375,875,795
4620171.00,CT,Montréal,0.48308,4735,2836,2648,4095,2995,2130,1830
4620172.00,CT,Montréal,0.19813,2496,1680,1551,2285,1780,1320,1155
4620173.00,CT,Montréal,0.18658,2029,1212,1141,1800,1435,1000,890
4620174.00,CT,Montréal,0.22991,2091,1305,1221,1825,1480,1155,1045
4620175.00,CT,Montréal,0.11901,1978,1141,1059,1715,1440,1075,970
4620176.00,CT,Montréal,0.11391,1572,920,873,1340,1070,720,640
4620177.00,CT,Montréal,0.09885,1346,802,748,1160,965,590,555
4620178.00,CT,Montréal,0.27997,2353,1422,1323,2195,1705,1080,955
4620179.00,CT,Montréal,0.49786,3819,2356,2172,3340,2710,1375,1265
4620180.00,CT,Montréal,0.26417,3378,2022,1904,2845,2185,860,790
4620181.00,CT,Montréal,0.3347,4468,3042,2449,3685,2820,1205,1090
4620182.00,CT,Montréal,0.13792,2155,1182,1125,1790,1365,635,605
4620183.00,CT,Montréal,0.1318,2205,1265,1231,1960,1495,660,610
4620184.00,CT,Montréal,0.2191,2943,1615,1540,2470,1820,720,660
4620185.00,CT,Montréal,0.39316,5217,2982,2756,4370,3265,1305,1145
4620186.00,CT,Montréal,0.38733,4539,2577,2445,3945,2845,1065,960
4620187.01,CT,Montréal,0.3649,3032,1937,1702,2585,1725,795,660
4620187.03,CT,Montréal,0.35582,4805,2622,2550,3990,2825,1275,1125
4620187.04,CT,Montréal,0.76954,5679,2430,2406,4150,3350,2185,1975
4620188.01,CT,Montréal,0.15136,2186,1233,1150,1895,1405,650,590
4620188.02,CT,Montréal,0.22868,2671,1530,1407,2325,1620,775,640
4620189.00,CT,Montréal,1.46951,0,0,0,x,x,x,x
4620190.01,CT,Montréal,0.4538,3599,1925,1809,3080,1900,880,695
4620190.02,CT,Montréal,1.04323,4145,2359,2272,3655,1720,1470,940
4620191.00,CT,Montréal,1.69169,6171,3115,2875,5130,3320,1590,1355
4620192.00,CT,Montréal,0.77969,3290,1197,1172,2220,1365,765,580
4620193.00,CT,Montréal,0.26464,2003,986,924,1665,1140,395,375
4620194.00,CT,Montréal,1.20926,7557,3196,3061,5795,4200,1505,1370
4620195.01,CT,Montréal,0.55126,3479,1720,1609,2765,1525,635,520
4620195.02,CT,Montréal,0.59995,5390,2495,2347,4225,2680,915,735
4620195.03,CT,Montréal,0.88641,4978,2392,2255,4420,2780,995,820
4620196.00,CT,Montréal,0.40496,3944,2261,2018,3225,2200,880,755
4620197.00,CT,Montréal,0.59611,5027,2580,2404,4030,2850,995,895
4620198.00,CT,Montréal,0.64661,4940,2619,2440,4040,2770,990,905
4620199.00,CT,Montréal,0.22514,2613,1429,1341,2175,1675,675,640
4620200.00,CT,Montréal,0.30705,4667,2396,2278,3865,2790,1055,930
4620201.00,CT,Montréal,0.93812,7118,3666,3436,5685,3785,1545,1360
4620202.00,CT,Montréal,0.61472,4224,2429,2280,3430,2280,1150,925
4620203.00,CT,Montréal,0.23786,2700,1560,1459,2220,1660,940,860
4620204.00,CT,Montréal,0.23491,2670,1525,1438,2200,1720,890,815
4620205.00,CT,Montréal,0.17688,2115,1222,1150,1725,1320,730,675
4620206.00,CT,Montréal,0.23216,2564,1445,1352,2300,1660,825,740
4620207.00,CT,Montréal,0.25581,3331,1855,1784,2905,2120,960,855
4620208.00,CT,Montréal,0.19923,2465,1408,1292,2130,1605,880,785
4620209.00,CT,Montréal,0.66473,5819,3255,3024,4760,3615,1915,1705
4620210.00,CT,Montréal,0.32648,3961,2348,2208,3400,2780,1600,1500
4620211.00,CT,Montréal,0.17652,2281,1329,1267,1970,1525,930,825
4620212.00,CT,Montréal,0.19393,2565,1464,1387,2215,1790,1100,1005
4620213.00,CT,Montréal,0.19136,2664,1417,1344,2105,1670,1060,945
4620214.00,CT,Montréal,0.25372,2737,1497,1405,2455,1820,1105,960
4620215.00,CT,Montréal,0.23403,3031,1745,1633,2525,1915,1140,1045
4620216.00,CT,Montréal,0.32356,2233,1332,1247,1945,1635,975,905
4620217.00,CT,Montréal,0.16246,2650,1522,1449,2365,1900,1195,1105
4620218.00,CT,Montréal,0.28019,3042,1831,1684,2650,2145,1290,1175
4620219.00,CT,Montréal,0.31258,2778,1663,1528,2470,1945,1190,1075
4620220.00,CT,Montréal,0.41978,5798,3025,2802,4755,3215,1240,1115
4620221.00,CT,Montréal,0.32858,5988,2976,2698,5050,3260,1085,910
4620222.00,CT,Montréal,0.19894,3587,1634,1492,3050,2025,535,490
4620223.01,CT,Montréal,0.14465,3883,1661,1484,3060,2035,410,335
4620223.02,CT,Montréal,0.19523,3085,1320,1186,2520,1655,385,335
4620224.00,CT,Montréal,0.37866,5937,2608,2395,4735,2970,700,565
4620225.00,CT,Montréal,0.65098,1400,692,639,1255,850,310,280
4620226.00,CT,Montréal,0.24482,3143,1681,1595,2705,2075,1140,1055
4620227.00,CT,Montréal,0.11595,1592,820,779,1370,1085,655,590
4620228.00,CT,Montréal,0.11288,1721,830,794,1400,1015,660,600
4620229.00,CT,Montréal,0.473,0,0,0,x,x,x,x
4620230.00,CT,Montréal,0.11511,1880,988,948,1650,1295,825,755
4620231.00,CT,Montréal,0.10348,1688,926,876,1455,1225,685,635
4620232.00,CT,Montréal,0.36448,3737,2250,2059,3245,2490,1760,1520
4620233.00,CT,Montréal,0.10389,2017,1246,1162,1890,1325,810,705
4620234.00,CT,Montréal,0.14931,2188,1306,1245,1855,1270,740,655
4620235.00,CT,Montréal,0.11671,1972,1068,1034,1720,1380,935,835
4620236.00,CT,Montréal,0.10767,1761,1020,954,1580,1195,580,550
4620237.00,CT,Montréal,0.21807,3435,1819,1740,3075,2355,1425,1265
4620238.00,CT,Montréal,0.16311,2358,1295,1216,1990,1520,805,745
4620239.00,CT,Montréal,0.542,4696,2616,2484,3905,3025,1485,1370
4620240.00,CT,Montréal,0.30761,3226,1651,1546,2515,1730,650,575
4620241.00,CT,Montréal,0.20605,2914,1456,1340,2500,1715,520,480
4620242.00,CT,Montréal,0.37045,6261,3250,3017,5245,3645,1230,1100
4620243.00,CT,Montréal,0.25486,3946,1909,1808,3245,2265,985,885
4620244.00,CT,Montréal,0.1757,2142,1128,1086,1840,1265,555,465
4620245.00,CT,Montréal,0.21965,2886,1639,1562,2545,1945,1120,1030
4620247.00,CT,Montréal,0.19313,2239,1255,1182,1910,1445,935,830
4620249.00,CT,Montréal,0.53013,4194,2279,2139,3465,2330,980,825
4620250.00,CT,Montréal,0.44836,4052,2050,1899,3530,2440,865,795
4620251.01,CT,Montréal,0.47497,3822,1613,1529,2810,1845,520,455
4620251.02,CT,Montréal,0.23632,2723,1312,1238,2325,1645,395,360
4620252.00,CT,Montréal,0.32544,5258,2458,2275,4235,2995,765,695
4620253.00,CT,Montréal,0.45824,3436,1582,1443,2765,1960,510,480
4620254.00,CT,Montréal,0.61394,4069,1934,1836,3355,2325,675,595
4620256.00,CT,Montréal,1.84271,3772,1628,1465,2840,1960,220,190
4620257.00,CT,Montréal,1.3299,4520,1785,1657,3670,2395,445,385
4620258.00,CT,Montréal,0.39571,5162,1892,1802,3625,2550,475,430
4620259.00,CT,Montréal,0.37073,5969,2545,2321,4550,3160,510,450
4620260.00,CT,Montréal,0.54225,2312,893,836,1775,1155,180,175
4620261.00,CT,Montréal,0.62944,2713,1168,1070,2170,1420,185,160
4620262.00,CT,Montréal,0.76792,4525,1889,1717,3780,2450,285,255
4620263.00,CT,Montréal,0.75229,4085,1848,1713,3275,2075,380,350
4620264.01,CT,Montréal,1.22449,5530,2433,2330,4215,2620,1345,1080
4620264.02,CT,Montréal,0.91236,5249,2685,2591,4255,2930,1800,1445
4620265.00,CT,Montréal,0.48326,4565,2376,2213,3920,2670,1275,1120
4620266.00,CT,Montréal,0.75334,3357,1794,1682,2805,1995,785,680
4620267.00,CT,Montréal,1.12593,6334,2883,2666,5185,3595,910,825
4620268.01,CT,Montréal,0.58122,6777,3262,3137,5450,3455,1700,1420
4620268.02,CT,Montréal,0.3028,5598,2254,2151,4295,3080,1360,1215
4620268.03,CT,Montréal,1.28194,0,0,0,x,x,x,x
4620269.00,CT,Montréal,0.77174,4137,2098,1921,3300,2365,1005,875
4620270.00,CT,Montréal,0.67896,4529,2548,2403,3805,2710,1525,1310
4620271.00,CT,Montréal,0.47804,3454,1693,1613,3095,1975,1100,935
4620272.00,CT,Montréal,0.50441,3796,1911,1841,3175,2290,1030,840
4620273.00,CT,Montréal,0.56934,4661,2411,2195,3610,2295,915,800
4620274.00,CT,Montréal,0.4793,3014,1454,1357,2370,1580,530,480
4620275.00,CT,Montréal,0.62073,4011,2180,1996,3455,2350,870,685
4620276.00,CT,Montréal,0.88645,5112,2726,2529,4190,2935,1245,1045
4620277.00,CT,Montréal,0.55929,4410,2101,1936,3140,2180,1010,850
4620278.00,CT,Montréal,0.58961,4343,2209,2100,3600,2480,1350,1120
4620279.00,CT,Montréal,0.93859,5261,2646,2500,4130,2370,1755,1245
4620280.00,CT,Montréal,0.59058,4494,2268,2085,3510,2515,1400,1225
4620281.00,CT,Montréal,1.08507,3914,1530,1459,2715,1700,1260,985
4620282.00,CT,Montréal,1.31655,7032,2904,2737,5260,3475,1580,1375
4620283.01,CT,Montréal,0.60842,3663,1428,1356,3065,1720,715,570
4620283.02,CT,Montréal,0.46944,2853,1276,1208,2260,1335,575,435
4620284.00,CT,Montréal,0.58222,3467,1654,1559,3000,1780,800,640
4620285.00,CT,Montréal,1.51,6577,2401,2260,4485,3050,1480,1215
4620286.00,CT,Montréal,0.79127,5305,2110,1961,4020,2755,980,840
4620287.01,CT,Montréal,0.53658,6641,3354,3056,5085,3860,1450,1255
4620287.02,CT,Montréal,1.10686,4642,1840,1739,3690,2245,1200,950
4620288.00,CT,Montréal,1.88659,1519,415,404,990,635,460,375
4620290.01,CT,Montréal,1.20408,2655,1021,1001,2100,1400,330,310
4620290.02,CT,Montréal,1.79948,5738,2283,2227,4890,3090,525,450
4620290.03,CT,Montréal,0.639,4171,1778,1734,3520,2295,365,310
4620290.04,CT,Montréal,2.83385,6889,2538,2445,5645,3700,730,610
4620290.05,CT,Montréal,2.22083,5100,2450,2357,4215,2045,590,430
4620290.06,CT,Montréal,0.89611,5381,2059,1982,4535,2790,620,515
4620290.07,CT,Montréal,0.58268,4121,1595,1573,3385,2170,525,460
4620290.08,CT,Montréal,1.12896,4076,1551,1494,3370,2145,410,355
4620290.09,CT,Montréal,1.11203,4910,1804,1757,4110,2470,515,410
4620291.01,CT,Montréal,0.98179,3923,1393,1367,3170,2155,400,360
4620291.03,CT,Montréal,6.99894,5352,1798,1785,4130,2955,785,745
4620291.04,CT,Montréal,3.20584,5230,1476,1469,3685,2685,705,670
4620300.00,CT,Montréal,0.51658,2699,1372,1261,1885,1400,590,535
4620301.00,CT,Montréal,0.41938,5005,2776,2627,4395,3375,1765,1575
4620302.00,CT,Montréal,0.20628,2926,1673,1537,2580,2015,815,780
4620303.00,CT,Montréal,0.26353,2291,1355,1252,1925,1480,615,595
4620304.00,CT,Montréal,0.27106,3277,1857,1745,2755,1995,920,830
4620305.00,CT,Montréal,0.35069,3762,2250,2083,3320,2475,1405,1195
4620306.00,CT,Montréal,0.22301,2847,1635,1524,2390,1760,755,690
4620307.00,CT,Montréal,0.17365,3079,1716,1567,2780,2125,755,725
4620308.00,CT,Montréal,0.17394,2693,1427,1352,2330,1790,725,655
4620309.00,CT,Montréal,0.18645,1364,640,622,1170,835,315,280
4620310.00,CT,Montréal,0.42811,3387,1686,1603,2850,2060,680,595
4620311.00,CT,Montréal,0.35746,4003,2146,2017,3290,2325,800,720
4620312.00,CT,Montréal,0.30671,3241,1719,1621,2700,1905,785,710
4620313.00,CT,Montréal,0.39766,3249,1586,1523,2730,1930,610,540
4620314.00,CT,Montréal,0.25747,2466,1229,1162,2105,1325,480,400
4620315.00,CT,Montréal,0.81056,240,5,5,x,x,x,x
4620316.00,CT,Montréal,0.5697,2239,871,850,1650,1210,730,625
4620317.02,CT,Montréal,1.30004,7929,4169,3882,6545,4110,3630,2555
4620317.03,CT,Montréal,0.8224,4349,2323,2176,3710,2635,2290,1860
4620317.04,CT,Montréal,1.6735,8183,3780,3584,6490,4535,3790,3110
4620320.00,CT,Montréal,0.67752,4683,2271,2133,3935,2570,960,800
4620321.00,CT,Montréal,1.08883,2921,1506,1387,2390,1770,525,490
4620322.02,CT,Montréal,0.77636,3850,1762,1673,3140,2020,825,655
4620322.03,CT,Montréal,0.75375,4751,2499,2361,3985,2340,715,585
4620322.04,CT,Montréal,0.45613,3345,1470,1377,2560,1495,575,450
4620323.00,CT,Montréal,0.62315,2862,1289,1191,2185,1445,535,425
4620324.01,CT,Montréal,0.68982,4894,2324,2130,3980,2625,810,715
4620324.02,CT,Montréal,0.67154,2806,1281,1148,2260,1485,400,365
4620325.01,CT,Montréal,0.39421,3715,1555,1454,2970,1890,430,365
4620325.02,CT,Montréal,0.97653,6575,2961,2764,5320,3380,775,695
4620325.03,CT,Montréal,0.46694,3702,1605,1507,3070,1820,460,395
4620325.05,CT,Montréal,0.91319,6994,3298,3039,5560,3650,1850,1595
4620325.06,CT,Montréal,0.77396,4225,2002,1925,3650,2395,970,845
4620326.01,CT,Montréal,2.53977,2822,1201,1129,2450,1515,355,300
4620326.02,CT,Montréal,1.08644,3386,1715,1570,2885,1910,480,430
4620326.03,CT,Montréal,1.31943,4976,2028,1906,3930,2480,720,655
4620327.00,CT,Montréal,1.09085,4737,2248,2078,3955,2715,710,615
4620328.00,CT,Montréal,0.44262,1940,860,798,1450,995,220,210
4620329.00,CT,Montréal,0.62907,3669,1882,1700,3000,2120,850,725
4620330.00,CT,Montréal,2.05794,5239,2605,2371,4285,3010,715,645
4620340.00,CT,Montréal-Ouest,1.36843,5050,1956,1850,4120,2510,2180,1635
4620350.00,CT,Westmount,0.55949,2525,1250,1121,1930,1230,1060,820
4620351.00,CT,Westmount,0.46097,4984,3147,2715,4495,2020,2465,1445
4620352.00,CT,Westmount,0.48839,3113,1463,1357,2390,1445,1435,995
4620353.00,CT,Westmount,0.4142,2999,1242,1166,2470,1470,1570,1180
4620354.00,CT,Westmount,0.81053,3092,1044,1001,2470,1385,1660,1125
4620355.00,CT,Westmount,0.30734,1573,772,672,1340,725,875,590
4620356.00,CT,Westmount,1.00473,2026,699,653,1660,945,1075,690
4620360.00,CT,Montréal,1.42552,1923,680,624,1470,830,990,665
4620361.00,CT,Montréal,0.11256,1419,833,671,1095,580,700,495
4620362.00,CT,Montréal,0.5246,2366,896,834,1930,1095,1130,810
4620363.00,CT,Montréal,0.3712,4936,2308,2075,3745,2065,1770,1215
4620364.00,CT,Montréal,0.23408,3112,1059,962,1855,1250,615,480
4620365.00,CT,Montréal,0.24807,3080,1370,1267,2410,1635,1355,1065
4620366.00,CT,Montréal,0.35442,2570,1068,1018,2060,1320,1375,1030
4620367.00,CT,Montréal,0.54769,4548,1856,1722,3205,2115,1915,1505
4620370.00,CT,Hampstead,1.79526,6973,2623,2473,5665,3285,3015,2245
4620380.00,CT,Côte-Saint-Luc,0.76527,4060,1877,1802,3510,1910,1485,1085
4620381.00,CT,Côte-Saint-Luc,0.5886,6290,2736,2474,4580,3090,1645,1380
4620382.01,CT,Côte-Saint-Luc,0.58116,3873,1558,1449,2840,1390,1155,825
4620382.02,CT,Côte-Saint-Luc,1.5619,4445,1606,1475,3440,2050,1465,1105
4620383.01,CT,Côte-Saint-Luc,1.72545,3232,1126,1047,2270,1280,890,630
4620383.02,CT,Côte-Saint-Luc,1.50642,8002,4008,3844,6830,3225,2690,1765
4620385.00,CT,Côte-Saint-Luc,0.03712,1517,1001,949,1410,680,650,385
4620390.00,CT,Montréal,1.02632,1198,690,617,1020,740,145,125
4620391.00,CT,Montréal,0.31702,1656,955,834,1390,950,155,135
4620392.00,CT,Montréal,0.43794,1522,824,738,1150,815,335,265
4620393.00,CT,Montréal,1.0424,6874,3379,3193,5545,4050,1205,1110
4620394.00,CT,Montréal,1.34442,3689,2024,1871,3145,2240,490,440
4620395.01,CT,Montréal,7.64537,2731,1227,1090,1915,1310,215,195
4620395.02,CT,Montréal,0.68838,6451,3078,2802,5020,3445,985,850
4620395.03,CT,Montréal,0.61432,4590,2480,2346,3815,2725,1245,1125
4620396.00,CT,Montréal,1.4642,6501,2701,2539,4755,3110,1655,1330
4620397.00,CT,Montréal,1.18634,4038,1549,1517,3280,2115,1160,1010
4620400.00,CT,Mont-Royal,1.37872,5232,2101,1980,4105,2650,2335,1860
4620401.00,CT,Mont-Royal,0.96878,3116,1299,1218,2540,1440,1460,1030
4620402.00,CT,Mont-Royal,2.43797,1686,746,698,1415,940,700,575
4620403.00,CT,Mont-Royal,1.31734,5198,1944,1767,3925,2410,2295,1770
4620404.00,CT,Mont-Royal,1.43255,5044,1824,1710,3820,2245,2190,1625
4620410.01,CT,Montréal,0.8713,5540,2199,2072,4490,2765,1235,1010
4620410.02,CT,Montréal,0.76362,5948,2842,2691,4665,2540,1990,1395
4620410.03,CT,Montréal,2.20657,1905,665,628,1560,975,390,300
4620412.00,CT,Montréal,1.50276,7329,2888,2716,5855,3830,2065,1730
4620413.01,CT,Montréal,0.80795,3865,1402,1380,3285,1770,1370,990
4620413.02,CT,Montréal,0.80649,3812,1582,1450,2875,1940,845,720
4620415.03,CT,Montréal,0.25538,4193,2028,1913,3670,2190,1040,845
4620415.04,CT,Montréal,0.47715,4748,2153,1980,4015,2495,1055,905
4620415.05,CT,Montréal,10.89386,7819,2902,2836,6040,4460,3220,2925
4620415.06,CT,Montréal,17.96505,7683,3154,2931,5540,4555,3425,3175
4620416.01,CT,Montréal,0.85315,4050,1446,1414,3395,1960,1110,830
4620416.02,CT,Montréal,1.03977,3067,1177,1073,2400,1535,545,435
4620417.01,CT,Montréal,0.6681,4804,1874,1779,3755,2560,1085,970
4620417.02,CT,Montréal,0.36121,2857,954,873,2170,1515,470,415
4620418.00,CT,Montréal,1.30222,5907,2693,2545,4960,3385,1830,1600
4620419.00,CT,Montréal,0.37887,4746,1855,1652,3550,2500,900,820
4620420.00,CT,Montréal,0.83341,5157,1775,1710,3845,2385,1300,1045
4620421.01,CT,Montréal,0.41478,7897,3191,2956,5755,4270,1720,1570
4620421.02,CT,Montréal,0.55719,7501,2991,2779,5805,3955,1720,1475
4620430.00,CT,Dorval,1.97115,6711,3642,3403,5670,3975,1650,1385
4620431.00,CT,Dorval,2.19763,5413,2487,2361,4670,2865,1365,1000
4620432.00,CT,Dorval,1.30463,3267,1272,1244,2520,1475,915,695
4620433.00,CT,Montréal,15.44107,3589,1417,1384,3150,2135,695,625
4620440.00,CT,L'Île-Dorval,0.19174,5,60,4,x,x,x,x
4620450.00,CT,Pointe-Claire,3.75946,7183,3370,3233,6110,3325,2610,1815
4620451.00,CT,Pointe-Claire,3.3254,6731,2831,2755,5595,3440,1965,1570
4620452.00,CT,Pointe-Claire,3.15682,7275,2837,2724,5405,3190,1940,1470
4620453.01,CT,Pointe-Claire,1.97508,5212,1963,1909,4350,2840,1450,1185
4620453.02,CT,Pointe-Claire,6.69163,4979,1834,1755,3865,2480,1295,1055
4620460.00,CT,Beaconsfield,3.58227,5345,1881,1843,4345,2565,2140,1570
4620461.00,CT,Beaconsfield,1.87749,2942,1078,1032,2345,1400,1065,820
4620462.01,CT,Beaconsfield,2.38125,5085,1930,1886,4155,2455,2025,1590
4620462.02,CT,Beaconsfield,3.18492,5952,1939,1901,4745,2960,2305,1840
4620470.01,CT,Kirkland,3.51372,7159,2615,2563,5870,3425,2160,1650
4620470.03,CT,Kirkland,2.42417,5156,1599,1579,4290,2865,1805,1540
4620470.04,CT,Kirkland,1.5748,3642,1226,1215,3110,1930,1075,835
4620470.05,CT,Kirkland,2.12149,4194,1339,1325,3560,2250,1615,1285
4620480.00,CT,Baie-D'Urfé,6.03126,3823,1381,1334,3115,1785,1500,1090
4620490.00,CT,Sainte-Anne-de-Bellevue,0.68859,2432,1492,1277,2210,1315,770,590
4620491.00,CT,Sainte-Anne-de-Bellevue,9.80481,2526,703,683,1690,1085,660,575
4620500.00,CT,Senneville,7.524,921,375,346,785,445,355,250
4620511.01,CT,Montréal,1.45681,3295,1207,1171,2555,1620,755,630
4620511.02,CT,Montréal,1.54183,6209,2422,2253,4860,3305,1250,1075
4620512.02,CT,Montréal,1.46489,4449,1864,1768,3735,2275,1125,855
4620512.03,CT,Montréal,0.68589,2512,1320,1302,2130,1360,600,475
4620512.04,CT,Montréal,1.77,6674,2475,2416,5480,3525,1205,1015
4620513.01,CT,Montréal,1.08552,5229,1849,1808,4310,2785,960,810
4620513.02,CT,Montréal,1.24785,4227,1773,1692,3440,2125,900,710
4620514.01,CT,Montréal,1.98257,6997,2832,2761,5790,3730,1575,1315
4620514.02,CT,Montréal,1.87503,6255,2221,2176,5135,3405,1350,1165
4620515.01,CT,Montréal,9.111,5975,2040,1946,4590,3215,1635,1445
4620515.02,CT,Montréal,0.93207,4551,1529,1511,3645,2585,1325,1205
4620515.03,CT,Montréal,0.96656,3328,1212,1170,2830,1880,810,685
4620515.04,CT,Montréal,0.83472,3655,1341,1293,2970,1975,755,645
4620520.02,CT,Dollard-Des Ormeaux,1.62034,7081,2520,2449,5905,3585,1295,1050
4620520.03,CT,Dollard-Des Ormeaux,1.48458,3655,1361,1285,2965,1955,710,545
4620520.04,CT,Dollard-Des Ormeaux,1.06005,4544,1771,1735,3825,2400,810,555
4620521.01,CT,Dollard-Des Ormeaux,0.8407,4819,1963,1911,4120,2625,1090,910
4620521.04,CT,Dollard-Des Ormeaux,1.40219,4983,1814,1743,4095,2495,1415,1110
4620521.05,CT,Dollard-Des Ormeaux,1.34697,4882,1492,1471,3855,2345,1550,1260
4620521.06,CT,Dollard-Des Ormeaux,2.18908,5029,1876,1848,4230,2480,1850,1405
4620521.07,CT,Dollard-Des Ormeaux,2.05871,4291,1269,1261,3210,1965,1250,995
4620522.01,CT,Dollard-Des Ormeaux,1.22541,3557,1336,1318,3050,1845,1040,770
4620522.02,CT,Dollard-Des Ormeaux,1.08672,3595,1409,1381,2990,1770,830,635
4620523.00,CT,Dollard-Des Ormeaux,0.7628,2463,816,808,2050,1185,685,510
4620530.00,CT,Montréal,2.22037,5941,2192,2120,4875,3080,1500,1245
4620540.00,CT,Montréal,0.87241,3700,1806,1681,2820,1885,585,475
4620550.02,CT,Montréal,13.36713,3233,1347,1263,2730,1840,785,640
4620550.03,CT,Montréal,5.01881,6683,2230,2183,5300,3540,1890,1660
4620550.04,CT,Montréal,4.42837,4797,1834,1803,4000,2630,1055,890
4620570.00,CT,Montréal-Est,12.2748,3850,1856,1734,3125,2180,220,190
4620580.01,CT,Montréal,1.17239,4260,1975,1868,3545,2490,555,465
4620580.02,CT,Montréal,0.80542,3235,1592,1582,2700,2135,405,370
4620580.03,CT,Montréal,1.08097,3879,1598,1563,3220,2200,515,440
4620581.01,CT,Montréal,1.31426,5708,2057,2018,4285,2805,495,420
4620581.02,CT,Montréal,0.66919,3495,1574,1529,2895,2030,275,250
4620582.01,CT,Montréal,1.15766,6465,3154,3019,5355,3465,545,455
4620582.02,CT,Montréal,1.26506,6033,2728,2657,4940,3230,455,380
4620583.00,CT,Montréal,0.74082,3205,1365,1314,2655,1800,275,235
4620584.00,CT,Montréal,1.59989,7022,3370,3220,5825,3805,500,425
4620585.01,CT,Montréal,3.47796,1995,774,767,1725,1195,350,315
4620585.02,CT,Montréal,5.60967,3900,1793,1718,3105,1870,355,310
4620590.01,CT,Montréal,1.49528,5439,2306,2200,4310,2835,750,670
4620590.02,CT,Montréal,0.3001,3340,1462,1379,2545,1830,345,325
4620591.01,CT,Montréal,0.48721,2664,1103,1057,2250,1430,560,460
4620591.02,CT,Montréal,0.6851,4158,1708,1644,3155,2075,940,790
4620592.00,CT,Montréal,0.95785,7418,3197,3067,5865,3830,1355,1145
4620593.01,CT,Montréal,1.04227,5087,2830,2772,4175,1610,605,325
4620593.02,CT,Montréal,0.48521,4538,2074,1977,3670,2350,715,610
4620594.01,CT,Montréal,0.40024,2704,1365,1330,2220,1445,335,305
4620594.02,CT,Montréal,8.01943,7448,3459,3372,6255,3765,1540,1290
4620600.01,CT,Montréal,0.74072,3931,1604,1564,3130,1930,545,475
4620600.02,CT,Montréal,0.41295,4141,1782,1706,3180,2145,605,535
4620600.03,CT,Montréal,0.69694,6617,2554,2429,4565,2825,800,670
4620601.01,CT,Montréal,0.32115,3284,1383,1305,2610,1540,460,390
4620601.02,CT,Montréal,0.4275,4466,2078,1985,3575,2485,850,785
4620602.01,CT,Montréal,0.53936,3809,1729,1656,3195,1845,630,545
4620602.02,CT,Montréal,0.6154,2880,1216,1164,2305,1465,425,370
4620603.01,CT,Montréal,0.53276,3615,1555,1444,2790,1760,355,315
4620603.02,CT,Montréal,0.6244,4072,1805,1671,3180,1790,440,370
4620603.03,CT,Montréal,0.3558,3532,1388,1276,2790,1870,410,395
4620604.01,CT,Montréal,0.9331,3241,1187,1138,2795,1630,600,530
4620604.02,CT,Montréal,0.34081,4501,1802,1752,3440,2300,520,460
4620604.03,CT,Montréal,0.49523,3040,1284,1207,2495,1585,400,350
4620604.04,CT,Montréal,0.76002,3468,1381,1338,2725,1725,405,380
4620604.05,CT,Montréal,0.58985,5229,1921,1865,3890,2670,870,790
4620605.01,CT,Montréal,1.35067,3491,1659,1585,2910,1735,345,300
4620605.02,CT,Montréal,0.57806,1998,748,729,1735,930,495,390
4620605.03,CT,Montréal,1.03068,5911,2491,2355,4575,3010,715,615
4620605.04,CT,Montréal,1.58368,4907,1985,1915,3845,2510,625,575
4620605.05,CT,Montréal,0.57434,2172,882,848,1825,1130,360,335
4620610.01,CT,Montréal,0.93398,4536,2086,1963,3665,2490,310,295
4620610.02,CT,Montréal,0.4617,4558,1885,1764,3655,2280,340,295
4620610.03,CT,Montréal,0.7856,5297,2306,2198,4200,2200,615,420
4620610.04,CT,Montréal,0.19457,3632,1859,1610,2885,2035,170,160
4620610.05,CT,Montréal,0.38506,4406,2193,1919,3305,2390,230,220
4620610.06,CT,Montréal,0.34292,2792,1163,1069,2260,1430,205,175
4620610.07,CT,Montréal,0.55037,4301,1718,1621,2690,1455,220,140
4620611.01,CT,Montréal,0.71187,2822,1232,1134,2270,1435,160,140
4620611.02,CT,Montréal,0.56452,5541,2357,2183,4415,2870,580,500
4620612.00,CT,Montréal,0.74662,4641,1989,1859,3750,2480,465,420
4620613.00,CT,Montréal,0.99059,7398,3165,2884,5760,3800,700,635
4620614.00,CT,Montréal,0.44457,3446,1770,1579,2835,1835,395,335
4620615.00,CT,Montréal,0.55997,5584,2383,2193,4255,2835,515,460
4620616.00,CT,Montréal,0.75481,6609,2801,2586,5055,3400,545,500
4620617.01,CT,Montréal,0.90464,5460,2259,2153,4435,2730,630,530
4620617.02,CT,Montréal,0.65735,3926,1712,1632,3180,2100,430,350
4620618.00,CT,Montréal,0.50336,3479,1710,1628,2825,1825,385,315
4620619.00,CT,Montréal,0.57219,5806,3287,3063,4550,2350,845,665
4620625.01,CT,Laval,5.12684,6083,2204,2133,4970,3425,550,460
4620625.02,CT,Laval,1.99729,7541,2584,2549,5930,4140,750,675
4620626.00,CT,Laval,10.58999,7174,2603,2521,5650,3940,1225,1110
4620627.00,CT,Laval,5.13769,6850,2987,2735,4975,2975,675,570
4620628.01,CT,Laval,1.76406,4724,2022,1944,3890,2450,865,675
4620628.02,CT,Laval,0.8167,3753,1614,1580,3100,1995,670,520
4620629.00,CT,Laval,1.18674,3432,1369,1333,2895,1720,690,570
4620630.01,CT,Laval,1.20607,3697,1324,1305,3140,1835,955,705
4620630.02,CT,Laval,2.21032,5186,1931,1918,4275,2285,1615,1150
4620631.00,CT,Laval,25.02026,7772,2600,2535,6195,4410,1685,1535
4620632.01,CT,Laval,1.51822,4964,2032,1992,4185,2535,785,645
4620632.02,CT,Laval,1.99435,4807,1939,1890,4050,2670,715,605
4620632.03,CT,Laval,4.20553,5970,1854,1831,3985,2520,885,730
4620632.04,CT,Laval,1.89817,7175,3075,3012,6175,4180,1215,1045
4620633.00,CT,Laval,1.63318,5236,2070,2043,4165,2415,1280,980
4620634.00,CT,Laval,0.81788,2979,1296,1256,2485,1630,710,545
4620635.00,CT,Laval,1.03845,5517,2279,2130,3885,2495,605,450
4620636.00,CT,Laval,2.23201,7262,3191,3045,5845,3980,885,760
4620637.01,CT,Laval,1.58885,4988,1921,1889,4205,2600,740,615
4620637.02,CT,Laval,1.41587,4214,2173,2120,3605,2655,535,495
4620638.01,CT,Laval,0.91687,5511,2592,2541,4755,3070,890,745
4620638.02,CT,Laval,0.44895,2104,878,848,1835,1155,445,325
4620638.03,CT,Laval,0.67814,4312,1903,1820,3465,2260,550,475
4620638.04,CT,Laval,0.82282,6331,3168,3003,5265,3680,900,770
4620639.00,CT,Laval,1.33662,4135,1776,1699,3090,2035,805,655
4620640.00,CT,Laval,0.79685,3958,1812,1713,3250,2055,720,595
4620641.01,CT,Laval,1.35942,8489,3824,3659,6495,4355,1560,1355
4620641.02,CT,Laval,1.28169,3431,1608,1547,2900,1965,1115,950
4620642.00,CT,Laval,9.6312,7369,3142,3041,6040,3855,1230,960
4620643.01,CT,Laval,3.17468,5540,1923,1872,4220,3125,1460,1365
4620643.02,CT,Laval,3.65319,6778,3772,3570,5685,3285,1525,1240
4620643.03,CT,Laval,1.54988,5563,2538,2436,4665,3125,775,660
4620644.00,CT,Laval,1.48572,1214,524,499,995,635,255,195
4620645.00,CT,Laval,1.52755,6415,2666,2331,4125,2225,495,405
4620646.01,CT,Laval,0.51922,3618,1589,1443,2880,1860,275,235
4620646.02,CT,Laval,0.62922,3817,1668,1570,3050,1880,590,485
4620646.03,CT,Laval,0.49732,3496,1768,1692,3025,1665,525,385
4620647.01,CT,Laval,0.30392,3001,1980,1881,2950,1075,725,340
4620647.02,CT,Laval,1.61566,7426,3659,3171,5930,3390,1215,875
4620648.00,CT,Laval,1.13207,5229,1949,1871,4340,2620,580,465
4620649.01,CT,Laval,1.46236,2628,1000,960,2265,1415,370,310
4620649.02,CT,Laval,1.29426,5437,2013,1969,4580,2660,645,490
4620650.01,CT,Laval,0.76608,4483,1669,1601,3595,2005,495,390
4620650.02,CT,Laval,0.7289,4080,1571,1453,3455,2120,420,360
4620650.04,CT,Laval,1.78046,6851,2770,2656,5485,4140,1305,1200
4620650.05,CT,Laval,0.8692,4276,1523,1466,3095,2030,590,525
4620651.01,CT,Laval,2.15818,6389,2314,2247,5315,3500,1050,885
4620651.02,CT,Laval,5.07305,7658,2458,2421,5975,4260,1580,1390
4620652.01,CT,Laval,3.00295,8413,2909,2853,6305,4370,1965,1705
4620652.04,CT,Laval,1.2708,4266,1544,1531,3495,2295,735,645
4620652.06,CT,Laval,2.20704,4035,1498,1459,3205,2325,1110,1040
4620652.07,CT,Laval,9.6197,8884,3093,3022,6835,4895,2245,2030
4620652.08,CT,Laval,1.48524,5112,1614,1597,3920,2760,1220,1130
4620652.09,CT,Laval,1.03777,4265,1304,1293,3395,2440,990,890
4620653.00,CT,Laval,0.5863,952,372,361,755,470,355,295
4620654.00,CT,Laval,1.69435,744,284,266,545,290,260,160
4620655.01,CT,Laval,1.45051,4206,1754,1706,3495,2470,455,365
4620655.02,CT,Laval,2.48341,6656,2536,2489,5335,3750,820,770
4620656.01,CT,Laval,6.1505,7171,2518,2472,5370,3660,770,660
4620656.03,CT,Laval,3.79775,3975,1465,1441,3235,2110,470,435
4620656.04,CT,Laval,2.04847,7212,2316,2295,5410,4030,1325,1250
4620657.01,CT,Laval,1.89661,3695,1515,1489,3125,1895,400,345
4620657.02,CT,Laval,1.54047,5805,2156,2143,4790,3100,680,605
4620657.03,CT,Laval,1.78403,4511,1438,1432,3585,2525,615,565
4620658.01,CT,Laval,1.24275,4306,1721,1714,3670,2325,315,290
4620658.02,CT,Laval,0.90572,3173,1218,1206,2675,1700,455,380
4620658.03,CT,Laval,5.67265,8117,3034,2980,6680,4455,1420,1245
4620659.04,CT,Laval,6.0357,4621,1506,1489,3520,2630,1305,1220
4620659.05,CT,Laval,2.3698,7458,2763,2741,6075,4180,1905,1665
4620659.06,CT,Laval,1.76997,4430,1500,1459,2875,1960,525,455
4620659.08,CT,Laval,1.3794,6581,2358,2347,5120,3640,1200,1085
4620659.09,CT,Laval,0.87289,3518,984,977,2465,1900,690,655
4620659.10,CT,Laval,1.08885,3546,1013,1012,2420,1865,845,810
4620659.11,CT,Laval,2.4338,6572,2621,2549,5050,3460,1030,910
4620660.01,CT,Laval,2.00375,5498,1818,1812,4470,3235,1095,990
4620660.02,CT,Laval,1.41152,5503,2187,2133,4580,2905,810,705
4620660.03,CT,Laval,2.07366,7167,2623,2603,5785,3790,1460,1285
4620661.01,CT,Laval,5.67069,9616,3594,3545,7710,5530,1435,1290
4620661.03,CT,Laval,19.31661,4556,1563,1526,3645,2480,725,660
4620661.04,CT,Laval,0.96601,4627,1819,1788,3750,2565,660,590
4620662.00,CT,Laval,28.92449,4939,1923,1857,3860,2565,595,495
4620675.00,CT,Repentigny,3.81686,6009,3356,3195,5410,2505,750,425
4620676.01,CT,Repentigny,1.53994,3542,1413,1382,2980,1795,560,445
4620676.02,CT,Repentigny,1.30662,2843,1136,1127,2335,1360,325,230
4620676.03,CT,Repentigny,1.17033,2407,928,923,2020,1170,230,165
4620676.04,CT,Repentigny,1.68807,3275,1182,1172,2680,1625,420,280
4620677.01,CT,Repentigny,2.27076,6141,2590,2548,5040,3055,565,420
4620677.02,CT,Repentigny,2.18311,5224,2641,2590,4560,2595,340,255
4620677.05,CT,Repentigny,2.08975,4864,1638,1616,3865,2695,1015,840
4620677.06,CT,Repentigny,2.82416,8429,2761,2740,6230,4595,1570,1435
4620677.07,CT,Repentigny,1.01023,3927,1625,1612,3175,2220,380,300
4620677.08,CT,Repentigny,2.49626,7440,2794,2763,6080,4245,930,805
4620677.09,CT,Repentigny,1.26013,4275,1651,1637,3590,2440,570,455
4620677.10,CT,Repentigny,1.37425,4496,1753,1713,3610,2250,620,500
4620681.00,CT,Saint-Sulpice,36.39451,3439,1494,1435,2870,1990,230,175
4620682.02,CT,Repentigny,12.11357,2506,1104,1077,2050,1260,195,145
4620682.03,CT,Repentigny,21.49606,7686,3073,3029,6145,4315,845,780
4620682.04,CT,Repentigny,1.15407,3402,1399,1378,2865,1960,215,180
4620682.05,CT,Repentigny,0.77041,2997,1146,1141,2460,1660,175,150
4620682.06,CT,Repentigny,1.7031,4822,1686,1678,3855,2775,525,485
4620683.00,CT,Charlemagne,2.31584,5913,2962,2878,5175,3270,500,390
4620684.03,CT,Terrebonne,17.10366,8919,3458,3380,7205,5135,1525,1340
4620684.05,CT,Terrebonne,3.96845,5468,2023,1999,4640,3075,850,720
4620684.08,CT,Terrebonne,2.76736,5750,1936,1914,4395,3210,750,680
4620684.09,CT,Terrebonne,10.7174,3425,1233,1223,2685,1895,520,475
4620684.10,CT,Terrebonne,4.09876,4029,1581,1559,3195,2150,610,545
4620684.11,CT,Terrebonne,3.65483,4502,1783,1761,3660,2490,415,360
4620685.02,CT,Mascouche,56.81471,4242,1658,1620,3360,2265,230,215
4620685.03,CT,Mascouche,7.71336,5881,2924,2780,4960,3405,580,505
4620685.04,CT,Mascouche,0.90339,3105,1118,1112,2550,1770,260,240
4620685.05,CT,Mascouche,2.83185,4504,1762,1727,3490,2400,415,330
4620685.07,CT,Mascouche,3.56085,5645,1957,1947,4315,3060,580,525
4620685.08,CT,Mascouche,3.55727,10087,3951,3888,7250,5395,1465,1360
4620686.01,CT,Mascouche,26.26742,5795,2154,2087,4620,3230,580,530
4620686.02,CT,Mascouche,3.96126,4088,1531,1495,3320,2250,275,250
4620686.03,CT,Mascouche,2.0298,3345,1267,1244,2720,1905,285,235
4620687.01,CT,Terrebonne,3.15539,4473,1682,1678,3560,2485,605,540
4620687.03,CT,Terrebonne,15.78604,10304,3551,3447,7490,5575,1600,1460
4620687.04,CT,Terrebonne,1.73836,4959,1849,1842,3970,2585,485,375
4620687.06,CT,Terrebonne,2.63425,5347,2208,2182,4445,3055,565,520
4620687.07,CT,Terrebonne,1.99035,5773,2112,2094,4800,3300,645,565
4620687.09,CT,Terrebonne,20.61852,3536,1315,1294,2735,1970,265,240
4620687.10,CT,Terrebonne,21.99644,8797,3013,2953,6575,4915,885,815
4620688.02,CT,Sainte-Anne-des-Plaines,89.9512,3610,1226,1175,2325,1615,220,190
4620688.03,CT,Sainte-Anne-des-Plaines,2.03047,5221,2136,2041,4300,2900,225,170
4620688.04,CT,Sainte-Anne-des-Plaines,1.79567,5590,2078,2047,4355,3040,360,325
4620689.01,CT,Terrebonne,2.74193,6791,2518,2461,5280,3825,390,350
4620689.02,CT,Terrebonne,1.56873,3678,1342,1308,2780,1950,135,130
4620689.03,CT,Terrebonne,3.65537,8135,2925,2856,6095,4420,410,380
4620689.04,CT,Terrebonne,31.77906,5637,2045,2005,4505,3210,300,280
4620690.00,CT,Lavaltrie,65.92571,7383,2999,2905,5920,4040,410,345
4620691.00,CT,Lavaltrie,2.76391,6274,2508,2446,5065,3475,315,235
4620692.00,CT,L'Assomption,65.06619,9286,3534,3465,7375,5085,1100,980
4620693.00,CT,L'Assomption,2.2553,5248,2509,2435,4275,2625,455,365
4620694.00,CT,L'Assomption,33.5009,7895,2889,2836,5965,4425,710,665
4620700.01,CT,Terrebonne,1.3219,4737,2457,2335,3780,2380,300,245
4620700.03,CT,Terrebonne,1.54108,2791,1274,1258,2350,1325,220,165
4620700.04,CT,Terrebonne,1.55315,4524,2317,2252,4030,2470,465,325
4620701.01,CT,Bois-des-Filion,1.73095,3354,1377,1347,2565,1915,520,475
4620701.02,CT,Bois-des-Filion,2.65812,6282,2730,2672,5205,3545,530,440
4620702.01,CT,Lorraine,2.02492,2544,999,970,2160,1325,780,620
4620702.02,CT,Lorraine,3.88405,6808,2382,2356,5470,3580,1920,1625
4620703.02,CT,Rosemère,4.44265,3796,1590,1540,3335,1945,1075,780
4620703.03,CT,Rosemère,3.10563,4456,1672,1650,3595,2265,1015,830
4620703.04,CT,Rosemère,3.24324,5706,1919,1906,4545,2950,1605,1285
4620704.01,CT,Boisbriand,1.76269,4717,2367,2296,4115,2710,400,330
4620704.04,CT,Boisbriand,1.79452,4468,1670,1661,3580,2470,580,475
4620704.05,CT,Boisbriand,4.88192,6239,2339,2320,5190,3445,975,870
4620704.06,CT,Boisbriand,2.31017,1796,733,705,1585,990,310,260
4620704.08,CT,Boisbriand,14.58155,5147,1498,1442,3320,2145,330,275
4620704.09,CT,Boisbriand,2.4713,4517,1930,1864,3855,2650,710,615
4620705.01,CT,Sainte-Thérèse,1.5821,3370,1240,1234,2820,1665,985,740
4620705.02,CT,Sainte-Thérèse,1.92039,5213,2387,2358,4075,2520,725,535
4620706.00,CT,Sainte-Thérèse,1.37,3838,2283,2194,3380,2190,345,280
4620707.00,CT,Sainte-Thérèse,1.8546,4656,2251,2100,3370,2120,335,255
4620708.01,CT,Sainte-Thérèse,1.20994,4725,2352,2281,3860,2570,430,355
4620708.02,CT,Sainte-Thérèse,1.54876,4187,2053,2003,3730,2270,775,580
4620709.01,CT,Blainville,3.70366,8428,3401,3296,6725,4615,1230,1130
4620709.02,CT,Blainville,2.40264,6320,2647,2601,5115,3520,750,660
4620710.03,CT,Blainville,3.09333,8771,3373,3294,6945,4865,1165,1030
4620710.05,CT,Blainville,32.58851,7469,2444,2383,5800,4110,1495,1315
4620710.06,CT,Blainville,2.09254,3533,1293,1288,2875,1925,695,600
4620710.07,CT,Blainville,3.38723,4757,1769,1742,3690,2655,560,520
4620710.08,CT,Blainville,1.23289,4334,1755,1736,3490,2370,380,315
4620710.09,CT,Blainville,3.52751,5506,1608,1590,4155,2845,1480,1340
4620710.10,CT,Blainville,2.52151,5002,1669,1635,3865,2450,1255,1130
4620710.11,CT,Blainville,0.91529,2743,1047,1035,2310,1560,425,385
4620725.03,CT,Saint-Eustache,1.5585,3620,1466,1451,3000,1950,295,230
4620725.04,CT,Saint-Eustache,2.85868,3236,1364,1334,2775,1795,235,190
4620725.06,CT,Saint-Eustache,52.82474,1637,665,644,1440,915,125,80
4620725.07,CT,Saint-Eustache,1.45002,6352,2219,2207,4950,3685,820,760
4620725.09,CT,Saint-Eustache,2.19623,3783,1188,1186,2760,1925,385,345
4620725.10,CT,Saint-Eustache,3.21732,4957,2039,2014,3860,2725,855,780
4620726.01,CT,Saint-Eustache,1.87009,6281,2995,2867,5300,3245,590,475
4620726.03,CT,Saint-Eustache,1.26076,4902,2303,2247,4140,2665,395,300
4620726.04,CT,Saint-Eustache,0.79533,1873,702,698,1595,1095,185,160
4620727.01,CT,Saint-Eustache,1.12411,3295,1750,1689,2750,1585,240,185
4620727.02,CT,Saint-Eustache,1.55419,4072,2051,2010,3590,2035,420,345
4620728.01,CT,Deux-Montagnes,1.75961,6688,2586,2563,5350,3905,1090,1020
4620728.02,CT,Deux-Montagnes,1.91924,4383,1782,1735,3560,2270,740,615
4620728.03,CT,Deux-Montagnes,0.91551,2635,1014,1004,2090,1500,345,300
4620729.00,CT,Deux-Montagnes,1.49341,3790,1858,1791,3205,2135,545,485
4620730.01,CT,Sainte-Marthe-sur-le-Lac,5.80775,11350,4205,4169,8295,6415,1665,1570
4620730.02,CT,Sainte-Marthe-sur-le-Lac,3.12364,6724,2736,2701,5560,3760,585,500
4620731.00,CT,Pointe-Calumet,5.06188,6428,2696,2618,5155,3695,240,205
4620732.01,CT,Saint-Joseph-du-Lac,41.58385,6687,2608,2527,5360,3750,670,565
4620732.03,CT,Oka,11.85842,0,0,0,..,..,..,..
4620732.04,CT,Oka,57.78632,3824,1636,1563,3105,2080,655,495
4620733.01,CT,Mirabel,231.56372,4160,1727,1645,3510,2285,400,305
4620733.02,CT,Saint-Placide,42.96025,1686,865,730,1365,870,155,95
4620734.03,CT,Mirabel,5.31504,5907,2107,2067,4250,3095,555,505
4620734.04,CT,Mirabel,23.97865,3662,1633,1492,2945,2110,345,290
4620734.05,CT,Mirabel,32.28426,7337,2827,2728,5645,4290,1135,1050
4620734.06,CT,Mirabel,2.21602,5082,1939,1905,3795,2735,270,230
4620734.07,CT,Mirabel,129.28175,9098,3708,3554,6775,5180,860,760
4620735.01,CT,Mirabel,52.5909,6642,2888,2800,5405,3670,470,390
4620735.02,CT,Mirabel,8.9403,8625,3566,3440,6845,4900,775,675
4620740.01,CT,Gore,97.13293,1904,1542,904,1680,1110,200,115
4620740.03,CT,Saint-Colomban,45.56957,7040,2746,2637,5505,4090,595,530
4620740.04,CT,Saint-Colomban,49.38525,8979,3454,3317,6800,5285,905,810
4620750.01,CT,Notre-Dame-de-l'Île-Perrot,15.4549,5152,1970,1911,4165,2870,1035,845
4620750.02,CT,Notre-Dame-de-l'Île-Perrot,12.75299,5502,1873,1839,4375,3040,960,845
4620750.04,CT,Terrasse-Vaudreuil,1.0632,1986,830,809,1690,1045,270,215
4620750.06,CT,L'Île-Perrot,3.52305,5651,2732,2624,4650,3265,755,705
4620750.07,CT,L'Île-Perrot,1.95448,5105,2099,2064,4150,2865,695,615
4620751.01,CT,Pincourt,3.37006,6733,2729,2687,5435,3535,1005,860
4620751.02,CT,Pincourt,3.73563,7825,2827,2784,6165,4305,1400,1255
4620755.01,CT,Vaudreuil-Dorion,21.33039,8585,3767,3649,6925,4905,1025,860
4620755.02,CT,Vaudreuil-Dorion,5.4827,11737,4272,4166,8435,6605,2210,2070
4620756.02,CT,Vaudreuil-Dorion,10.86722,954,387,373,780,565,105,85
4620756.03,CT,Vaudreuil-Dorion,34.76183,7097,2564,2470,5610,3840,1530,1295
4620756.04,CT,Vaudreuil-Dorion,2.78343,6273,2271,2230,4685,3175,1015,865
4620756.05,CT,Vaudreuil-Dorion,2.21484,6419,2832,2744,4900,3375,880,780
4620757.00,CT,Hudson,21.92909,5185,2386,2241,4470,2555,1500,1090
4620758.03,CT,Saint-Lazare,23.8132,4250,1464,1441,3380,2295,1020,865
4620758.04,CT,Saint-Lazare,15.57202,5639,1823,1806,4340,3080,1190,1065
4620758.05,CT,Saint-Lazare,7.65549,4403,1492,1475,3455,2330,1005,890
4620758.06,CT,Saint-Lazare,20.07342,5597,2042,2024,4370,3060,725,645
4620760.00,CT,Les Cèdres,78.2564,6777,2693,2607,5430,3860,625,530
4620775.00,CT,Léry,10.53563,2318,1052,973,1965,1260,360,260
4620776.00,CT,Beauharnois,8.47664,3389,1579,1524,2895,1780,325,255
4620777.01,CT,Beauharnois,30.94032,4293,2069,1952,3620,2295,325,255
4620777.02,CT,Beauharnois,30.41947,5202,2424,2322,4195,2670,320,250
4620780.00,CT,Saint-Jérôme,1.49205,3516,1722,1627,3045,1890,405,285
4620781.00,CT,Saint-Jérôme,2.54889,5994,3368,3197,4875,2415,385,240
4620782.00,CT,Saint-Jérôme,2.47058,3221,1770,1663,2645,1650,150,115
4620783.00,CT,Saint-Jérôme,5.08096,5626,2699,2539,4250,2235,350,255
4620784.00,CT,Saint-Jérôme,1.30937,3978,2081,1888,3030,1830,70,40
4620785.00,CT,Saint-Jérôme,3.61144,4484,2530,2306,3675,2325,275,220
4620786.00,CT,Saint-Jérôme,3.36122,4476,2150,2071,3750,2315,285,225
4620787.00,CT,Saint-Jérôme,6.47199,8167,3531,3476,6650,4480,650,535
4620788.00,CT,Saint-Jérôme,2.17933,5853,2949,2849,4775,2920,330,280
4620789.00,CT,Saint-Jérôme,12.25255,7843,3428,3289,6290,4300,740,625
4620790.00,CT,Saint-Jérôme,14.77584,7883,3555,3427,6590,4565,720,580
4620791.00,CT,Saint-Jérôme,4.57298,9032,3739,3594,7130,4950,1165,1000
4620792.00,CT,Saint-Jérôme,31.36892,4273,1794,1716,3495,2555,385,330
4620800.01,CT,Châteauguay,3.77256,4750,1814,1772,3785,2530,700,610
4620800.02,CT,Châteauguay,1.65271,5300,2313,2255,4415,2545,555,430
4620801.00,CT,Châteauguay,2.80077,7263,2987,2875,5955,3755,845,685
4620802.00,CT,Châteauguay,6.26418,3211,1383,1317,2680,1855,315,250
4620804.01,CT,Châteauguay,2.61725,7239,3012,2905,5845,3800,745,635
4620804.02,CT,Châteauguay,10.54739,2175,784,773,1625,1160,270,240
4620805.00,CT,Châteauguay,3.33255,9359,3702,3627,7430,4635,955,775
4620806.01,CT,Châteauguay,1.65066,3286,1410,1353,2650,1690,275,225
4620806.02,CT,Châteauguay,4.67851,5323,1961,1921,4355,2930,550,475
4620807.01,CT,Mercier,19.43056,8337,3025,2972,6550,4425,1010,885
4620807.02,CT,Mercier,27.11886,4778,1907,1867,3820,2555,455,395
4620825.02,CT,Brossard,0.93006,3853,1588,1560,3335,2075,735,620
4620825.03,CT,Brossard,1.31481,5810,2562,2429,4770,3110,645,545
4620825.04,CT,Brossard,1.75072,5474,2262,2215,4670,2870,1030,795
4620825.05,CT,Brossard,1.70807,5008,2179,2071,4125,2495,910,735
4620825.06,CT,Brossard,1.37273,5139,1984,1942,4260,2645,1025,810
4620825.07,CT,Brossard,1.61387,6873,2957,2882,5450,4295,2135,1965
4620825.08,CT,Brossard,9.70274,1996,875,848,1575,1235,600,560
4620826.02,CT,Brossard,1.66298,4681,1763,1739,3920,2295,1235,880
4620826.05,CT,Brossard,1.55579,4043,1672,1609,3490,2155,1255,875
4620826.06,CT,Brossard,1.11352,4021,1512,1489,3290,2055,875,650
4620826.07,CT,Brossard,0.82829,4568,1966,1913,3725,1740,1315,835
4620826.08,CT,Brossard,1.2465,3349,1247,1245,2765,1515,1360,900
4620826.09,CT,Brossard,1.32792,3387,1091,1069,2730,1620,1235,905
4620826.10,CT,Brossard,2.03494,6092,2315,2256,5165,3365,1835,1465
4620826.11,CT,Brossard,1.05928,4438,1772,1730,3455,2000,990,710
4620826.13,CT,Brossard,1.01806,4070,1351,1348,3340,2260,1375,1155
4620826.14,CT,Brossard,14.41076,10063,4004,3816,7775,5885,3265,2940
4620827.02,CT,La Prairie,3.45033,7141,3744,3580,5970,3715,1005,780
4620827.03,CT,La Prairie,4.46288,7430,2827,2805,6145,4170,1745,1515
4620827.04,CT,La Prairie,35.99938,9539,3376,3312,7040,5145,2420,2240
4620828.03,CT,Candiac,2.95116,5302,2084,2071,4170,2860,1185,1020
4620828.04,CT,Candiac,2.95985,3753,1690,1671,3085,2145,660,550
4620828.05,CT,Candiac,2.9385,5961,2071,2018,4590,3130,1970,1720
4620828.06,CT,Candiac,8.4687,6031,2080,2072,4560,3170,1930,1635
4620829.00,CT,Delson,7.68967,7457,2950,2887,6020,4120,885,765
4620830.01,CT,Sainte-Catherine,6.639,7105,2905,2861,5790,4095,530,460
4620830.03,CT,Sainte-Catherine,1.50241,5705,2228,2202,4535,3160,655,600
4620830.04,CT,Sainte-Catherine,1.31056,4237,1712,1688,3500,2305,505,450
4620831.03,CT,Saint-Constant,2.08179,4958,2140,2053,4000,2590,360,290
4620831.04,CT,Saint-Constant,1.7299,4741,1829,1818,4010,2800,460,400
4620831.05,CT,Saint-Constant,1.92998,4589,1683,1664,3850,2700,530,490
4620831.07,CT,Saint-Mathieu,76.6271,2970,1217,1173,2385,1635,215,195
4620831.08,CT,Saint-Constant,4.5252,8030,2852,2813,6045,4455,1355,1295
4620831.09,CT,Saint-Constant,1.68232,4227,1456,1450,3245,2435,490,435
4620832.00,CT,Kahnawake,50.68775,0,0,0,..,..,..,..
4620833.00,CT,Saint-Philippe,61.96267,6320,2627,2490,5025,3670,730,665
4620834.00,CT,Saint-Isidore,52.33263,2608,1047,1026,2160,1415,160,135
4620850.01,CT,Chambly,4.1356,10324,3770,3736,7740,5670,1960,1785
4620850.03,CT,Chambly,1.49712,5029,2119,2049,3915,2655,675,595
4620850.04,CT,Chambly,8.42074,4867,1679,1653,3715,2860,980,940
4620850.05,CT,Chambly,7.79985,3639,1354,1343,2695,1975,490,440
4620851.00,CT,Chambly,5.53025,5261,2624,2465,4295,2735,865,685
4620852.01,CT,Carignan,55.79331,8617,3198,3058,6800,4825,1475,1310
4620852.02,CT,Carignan,7.88448,845,374,355,715,495,125,105
4620853.02,CT,Saint-Basile-le-Grand,20.74558,5692,2168,2151,4370,3075,1060,960
4620853.03,CT,Saint-Basile-le-Grand,3.07754,5683,2310,2282,4460,3150,1130,1035
4620853.04,CT,Saint-Basile-le-Grand,13.01809,5684,1969,1958,4370,3110,1085,990
4620854.01,CT,Saint-Bruno-de-Montarville,2.84213,5619,2015,1997,4525,2620,1985,1500
4620854.02,CT,Saint-Bruno-de-Montarville,20.89102,5931,2292,2252,4960,3045,1880,1470
4620855.01,CT,Saint-Bruno-de-Montarville,7.90401,5124,2009,1992,4205,2650,1250,995
4620855.03,CT,Saint-Bruno-de-Montarville,3.94787,6354,3003,2922,5265,2915,1565,1195
4620855.04,CT,Saint-Bruno-de-Montarville,8.31533,3366,1099,1080,2435,1750,1015,930
4620856.00,CT,Longueuil,15.49237,2468,1184,1102,2035,1420,305,290
4620857.01,CT,Longueuil,1.48879,4774,1968,1945,4065,2580,500,425
4620857.02,CT,Longueuil,1.18176,4276,1651,1634,3535,2335,475,430
4620857.06,CT,Longueuil,1.42691,5621,2290,2225,4605,3060,745,640
4620857.07,CT,Longueuil,10.07055,7275,2612,2581,5880,4210,1375,1230
4620857.08,CT,Longueuil,3.86315,5733,2937,2910,4970,3105,720,605
4620857.09,CT,Longueuil,2.38125,5208,2132,2105,4260,2875,1220,1090
4620857.10,CT,Longueuil,6.5973,5716,2178,2115,4535,3340,975,880
4620857.11,CT,Longueuil,2.17012,3749,1525,1521,3100,2200,570,515
4620857.12,CT,Longueuil,1.09206,3771,1461,1443,3095,1995,320,295
4620858.01,CT,Longueuil,1.51086,4729,1841,1810,3850,2570,515,415
4620858.02,CT,Longueuil,1.19993,3879,1580,1547,3305,2140,495,450
4620858.04,CT,Longueuil,2.79538,5524,1988,1971,4460,3070,985,830
4620858.05,CT,Longueuil,10.11428,3011,1113,1087,2600,1765,455,395
4620859.00,CT,Brossard,0.74986,2856,1149,1096,2275,1480,445,385
4620860.01,CT,Longueuil,1.6614,6335,2474,2424,5225,3295,995,785
4620860.02,CT,Longueuil,1.20616,3826,1627,1562,3075,1940,705,620
4620861.00,CT,Longueuil,1.90836,6572,3356,3167,5635,3700,1450,1180
4620862.00,CT,Saint-Lambert,2.27162,6859,3351,3212,5455,2910,2510,1735
4620863.01,CT,Saint-Lambert,1.4043,3438,1538,1456,2780,1620,1320,935
4620863.02,CT,Saint-Lambert,1.91068,6280,3376,3045,4925,2850,2100,1625
4620864.00,CT,Saint-Lambert,2.0062,5284,2181,2101,4230,2755,2295,1810
4620865.00,CT,Longueuil,0.52194,1778,1068,987,1535,970,180,140
4620866.00,CT,Longueuil,0.49111,2965,1821,1656,2495,1655,270,235
4620867.00,CT,Longueuil,1.52865,6401,3256,3116,5185,3595,595,510
4620868.01,CT,Longueuil,1.59695,5596,2298,2246,4685,3115,515,435
4620868.02,CT,Longueuil,1.20827,5856,2738,2540,4805,3240,445,360
4620869.00,CT,Longueuil,1.07165,3109,1098,1079,2340,1395,380,325
4620870.01,CT,Longueuil,1.00638,3552,1645,1537,2850,1930,285,235
4620870.02,CT,Longueuil,0.59335,2268,1060,1004,1995,1260,290,230
4620871.01,CT,Longueuil,0.73918,3741,1845,1762,3080,1930,430,375
4620871.02,CT,Longueuil,0.48878,2006,858,830,1690,1060,250,180
4620872.00,CT,Longueuil,1.72029,6296,3079,2882,5070,3540,590,510
4620873.01,CT,Longueuil,0.42152,4356,2070,1950,3515,2415,350,295
4620873.02,CT,Longueuil,0.65517,4220,2303,2144,3505,2440,360,300
4620874.00,CT,Longueuil,0.86134,4948,2431,2244,4130,2825,585,510
4620875.00,CT,Longueuil,0.74502,4759,2641,2416,3945,2715,450,375
4620876.01,CT,Longueuil,0.72277,3817,1763,1582,3000,2005,345,310
4620876.04,CT,Longueuil,2.63877,7727,2854,2768,6115,4315,2040,1810
4620876.05,CT,Longueuil,4.73467,8512,3642,3575,6950,4630,1765,1460
4620876.06,CT,Longueuil,1.01279,5687,2558,2354,4585,3115,890,770
4620876.07,CT,Longueuil,1.00296,2257,854,844,1625,1085,375,340
4620877.01,CT,Longueuil,5.1002,9240,4072,3922,7125,4500,2855,2310
4620877.02,CT,Longueuil,1.48849,5978,2814,2707,4940,2960,1365,1065
4620878.00,CT,Longueuil,1.0956,4986,2764,2566,4105,2695,465,395
4620879.01,CT,Longueuil,0.62145,3159,1798,1689,2815,1915,375,325
4620879.02,CT,Longueuil,0.76723,3694,2045,1906,3205,2125,1095,850
4620880.00,CT,Longueuil,0.90335,3955,2228,2069,3405,2250,770,645
4620881.01,CT,Longueuil,0.53928,3477,1854,1745,3050,2130,580,520
4620881.02,CT,Longueuil,0.61157,3625,1930,1792,2975,2050,515,455
4620882.00,CT,Longueuil,0.69795,2612,1414,1321,2320,1655,380,340
4620883.00,CT,Longueuil,0.99476,2636,1450,1317,2090,1450,580,490
4620884.01,CT,Longueuil,0.71967,3404,2057,1769,3145,2080,1355,1115
4620884.02,CT,Longueuil,1.93101,7460,4349,4128,6195,3630,1925,1420
4620885.00,CT,Longueuil,1.62161,3869,1840,1708,2780,1785,945,740
4620886.01,CT,Longueuil,4.40536,3094,1540,1498,2730,1825,750,615
4620886.02,CT,Longueuil,2.11615,3051,1283,1260,2465,1780,950,810
4620886.03,CT,Longueuil,2.21544,3142,1524,1471,2555,1690,420,385
4620887.03,CT,Boucherville,11.4088,3599,1341,1329,2985,1840,1145,925
4620887.04,CT,Boucherville,1.95824,5112,2363,2322,4310,2565,1280,960
4620887.05,CT,Boucherville,1.98643,4697,1887,1879,3875,2360,1475,1110
4620887.06,CT,Boucherville,1.78229,4515,1692,1684,3805,2580,1565,1405
4620887.07,CT,Boucherville,9.9486,20,7,7,x,x,x,x
4620888.01,CT,Boucherville,30.30604,3114,1358,1312,2565,1935,985,865
4620888.02,CT,Boucherville,2.3713,5593,2040,2031,4365,2605,1745,1380
4620888.03,CT,Boucherville,2.13031,4558,1859,1826,3730,2175,1660,1315
4620889.01,CT,Boucherville,1.37737,2611,1311,1278,2005,1120,450,325
4620889.02,CT,Boucherville,3.9743,2859,1259,1246,2505,1555,745,585
4620889.03,CT,Boucherville,3.32007,4993,2017,1974,3900,2385,1070,860
4620900.00,CT,Beloeil,2.54403,4693,2123,2050,3855,2240,700,510
4620901.01,CT,Beloeil,2.50861,4919,2316,2263,4050,2515,675,505
4620901.02,CT,Beloeil,1.7746,4401,1798,1775,3685,2400,510,400
4620901.03,CT,Beloeil,18.66654,8445,3036,3010,6215,4530,1620,1430
4620902.00,CT,McMasterville,3.37403,5698,2332,2285,4325,3015,840,725
4620903.01,CT,Sainte-Julie,10.24844,7335,2893,2841,5510,3435,1765,1355
4620903.04,CT,Sainte-Julie,1.41835,4216,1637,1620,3405,2170,520,450
4620903.05,CT,Sainte-Julie,1.22902,3735,1423,1413,3075,2045,465,400
4620903.08,CT,Sainte-Julie,0.82597,2750,1038,1037,2190,1570,420,385
4620903.09,CT,Saint-Amable,13.91692,6067,2397,2351,4735,3560,385,355
4620903.10,CT,Saint-Amable,22.97295,6100,2275,2205,4620,3555,395,360
4620903.11,CT,Sainte-Julie,3.75731,3892,1281,1274,2980,2140,875,790
4620903.12,CT,Sainte-Julie,1.94057,5990,2157,2140,4680,3225,1290,1205
4620903.13,CT,Saint-Mathieu-de-Beloeil,39.4204,2619,997,972,2155,1480,375,310
4620903.14,CT,Sainte-Julie,29.42171,1963,767,751,1590,1105,235,215
4620904.02,CT,Varennes,17.15875,4964,2058,1988,3870,2620,765,670
4620904.03,CT,Varennes,73.55121,4821,1856,1830,3840,2655,880,800
4620904.04,CT,Varennes,1.37821,3517,1306,1287,2805,1930,515,445
4620904.05,CT,Varennes,1.33108,3744,1604,1585,3205,2090,470,395
4620904.06,CT,Varennes,1.16649,4211,1491,1471,3385,2470,700,640
4620926.01,CT,Richelieu,31.21171,5236,2247,2160,4045,2715,600,510
4620926.02,CT,Saint-Mathias-sur-Richelieu,50.08094,4531,1959,1910,3730,2515,410,315
4620929.01,CT,Otterburn Park,2.25973,3737,1571,1550,3175,1985,895,675
4620929.02,CT,Otterburn Park,3.45299,4684,1730,1705,3555,2575,805,730
4620930.02,CT,Mont-Saint-Hilaire,16.53971,9197,3976,3908,7230,4900,2080,1735
4620930.03,CT,Mont-Saint-Hilaire,7.4571,2605,980,962,2210,1370,775,600
4620930.04,CT,Mont-Saint-Hilaire,21.65104,6783,2746,2629,5435,3455,1805,1460
4621000.00,CT,L'Épiphanie,2.38176,5493,2240,2166,4165,2910,380,320
4621001.00,CT,L'Épiphanie,55.09067,3200,1324,1232,2605,1835,235,220
4621002.00,CT,Verchères,72.5656,5835,2440,2391,4590,3145,760,620
4621003.00,CT,Coteau-du-Lac,47.36942,7044,2743,2645,5435,3695,810,715
4621004.00,CT,Les Coteaux,11.73625,5368,2285,2200,4175,2885,425,370
4621005.00,CT,Saint-Zotique,25.10136,7934,3365,3223,6310,4330,680,565
4621006.00,CT,Saint-Lin--Laurentides,119.0693,20786,8376,8083,16165,11555,605,525
4622001.00,CT,Saint-Jean-sur-Richelieu,7.95779,8031,3072,3025,6145,4145,890,695
4622002.00,CT,Saint-Jean-sur-Richelieu,22.2573,417,169,165,410,275,40,40
4622003.00,CT,Saint-Jean-sur-Richelieu,1.96938,130,0,0,x,x,x,x
4622004.00,CT,Saint-Jean-sur-Richelieu,1.16778,3015,1631,1552,2580,1565,210,150
4622005.00,CT,Saint-Jean-sur-Richelieu,1.19809,3640,2014,1874,3120,1980,315,230
4622006.00,CT,Saint-Jean-sur-Richelieu,0.46074,0,0,0,x,x,x,x
4622007.00,CT,Saint-Jean-sur-Richelieu,0.4382,1349,850,686,975,665,110,70
4622008.00,CT,Saint-Jean-sur-Richelieu,0.50162,2430,1371,1273,2105,1475,135,105
4622009.00,CT,Saint-Jean-sur-Richelieu,1.88359,5350,2525,2478,4410,3110,410,330
4622010.00,CT,Saint-Jean-sur-Richelieu,3.57635,5,2,2,x,x,x,x
4622011.00,CT,Saint-Jean-sur-Richelieu,0.63763,2538,1351,1246,1780,1240,170,115
4622012.00,CT,Saint-Jean-sur-Richelieu,0.74867,1608,954,924,1410,785,145,120
4622013.00,CT,Saint-Jean-sur-Richelieu,1.76462,3942,1713,1693,3380,1960,565,375
4622014.00,CT,Saint-Jean-sur-Richelieu,1.5018,3827,1868,1850,2910,1480,435,295
4622015.00,CT,Saint-Jean-sur-Richelieu,1.27035,4637,3024,2925,4325,2295,320,210
4622100.00,CT,Saint-Jean-sur-Richelieu,9.51699,1984,701,701,1600,1100,215,180
4622101.00,CT,Saint-Jean-sur-Richelieu,7.84634,1033,396,390,835,575,100,75
4622102.00,CT,Saint-Jean-sur-Richelieu,48.62855,1054,402,399,900,670,135,105
4622103.00,CT,Saint-Jean-sur-Richelieu,3.65545,1672,716,709,1365,915,80,65
4622200.00,CT,Saint-Jean-sur-Richelieu,2.1802,5527,2143,2117,4430,3065,745,635
4622201.00,CT,Saint-Jean-sur-Richelieu,1.4721,4367,1646,1643,3550,2445,540,480
4622202.00,CT,Saint-Jean-sur-Richelieu,3.7067,7397,2809,2780,5810,4040,1210,1050
4622203.00,CT,Saint-Jean-sur-Richelieu,2.82604,3553,1331,1313,2915,2095,540,480
4622204.00,CT,Saint-Jean-sur-Richelieu,4.68221,822,329,320,675,505,80,70
4622205.00,CT,Saint-Jean-sur-Richelieu,3.37109,4132,1666,1645,3115,2160,690,565
4622206.00,CT,Saint-Jean-sur-Richelieu,26.70906,1956,744,724,1560,1090,300,255
4622207.00,CT,Saint-Jean-sur-Richelieu,7.10998,883,323,322,780,485,130,105
4622300.00,CT,Saint-Jean-sur-Richelieu,1.32798,2953,1303,1281,2335,1440,280,220
4622301.00,CT,Saint-Jean-sur-Richelieu,0.9023,3176,1568,1491,2510,1585,180,125
4622302.00,CT,Saint-Jean-sur-Richelieu,1.01203,2688,1208,1197,2175,1430,170,125
4622303.00,CT,Saint-Jean-sur-Richelieu,1.28024,0,0,0,x,x,x,x
4622304.00,CT,Saint-Jean-sur-Richelieu,0.70221,1094,445,443,890,600,190,135
4622400.00,CT,Saint-Jean-sur-Richelieu,46.45364,2729,1180,1132,2310,1510,195,140
4622401.00,CT,Saint-Jean-sur-Richelieu,4.43686,3691,1400,1381,2880,2065,335,295
4622402.00,CT,Saint-Jean-sur-Richelieu,2.78735,3484,1182,1162,2510,1855,545,480
