GeoUID,Type,Region Name,Area (sq km),Population ,Dwellings ,Households ,"v_CA06_2053: Owner-occupied private non-farm, non-reserve dwellings","v_CA06_2049: Tenant-occupied private non-farm, non-reserve dwellings"
4620001.00,CT,Montréal,0.45831,2498,1306,1243,525.00,720.00
4620002.00,CT,Montréal,0.38654,2819,1399,1343,555.00,785.00
4620003.00,CT,Montréal,0.7392,6407,2969,2884,1230.00,1655.00
4620004.00,CT,Montréal,0.45157,3223,1627,1559,615.00,940.00
4620005.00,CT,Montréal,0.56196,3188,1664,1601,535.00,1060.00
4620006.00,CT,Montréal,0.6476,4568,2092,2013,485.00,1525.00
4620007.00,CT,Montréal,1.09934,5712,2894,2807,1420.00,1380.00
4620008.00,CT,Montréal,0.62386,2973,1467,1424,750.00,680.00
4620009.00,CT,Montréal,4.27007,3554,1696,1643,665.00,980.00
4620010.00,CT,Montréal,0.93219,1351,669,643,275.00,365.00
4620011.00,CT,Montréal,1.24971,5160,2246,2172,1000.00,1170.00
4620012.01,CT,Montréal,0.23605,2494,1337,1305,120.00,1185.00
4620012.02,CT,Montréal,0.39672,4018,2124,2054,260.00,1795.00
4620013.00,CT,Montréal,1.08425,4427,2457,2365,850.00,1515.00
4620014.01,CT,Montréal,0.90619,6181,3317,3175,965.00,2215.00
4620014.02,CT,Montréal,0.88105,17,10,8,x,x
4620015.00,CT,Montréal,0.37537,3522,1874,1794,200.00,1595.00
4620016.00,CT,Montréal,0.51879,2569,1244,1163,190.00,975.00
4620017.00,CT,Montréal,0.22322,1888,1072,1037,255.00,785.00
4620018.00,CT,Montréal,0.36725,2148,1197,1141,150.00,990.00
4620019.00,CT,Montréal,0.33668,2350,1350,1270,225.00,1045.00
4620021.00,CT,Montréal,0.44006,3243,1644,1569,195.00,1375.00
4620022.00,CT,Montréal,0.16973,1663,832,793,135.00,665.00
4620023.00,CT,Montréal,0.3575,1249,682,647,125.00,525.00
4620024.00,CT,Montréal,0.27387,2577,1416,1357,210.00,1145.00
4620025.00,CT,Montréal,0.22474,2884,1429,1326,255.00,1070.00
4620026.00,CT,Montréal,0.17289,2181,1232,1178,190.00,985.00
4620027.00,CT,Montréal,0.09487,1806,967,913,100.00,820.00
4620028.00,CT,Montréal,0.15496,2070,1171,1123,175.00,940.00
4620029.00,CT,Montréal,0.39757,3802,2050,1970,365.00,1605.00
4620030.00,CT,Montréal,0.29932,3348,1960,1876,350.00,1520.00
4620031.00,CT,Montréal,0.25232,2677,1574,1491,360.00,1130.00
4620032.00,CT,Montréal,0.12692,1520,964,905,175.00,730.00
4620033.00,CT,Montréal,0.15745,1878,1018,957,250.00,710.00
4620034.00,CT,Montréal,0.21681,2463,1291,1216,270.00,945.00
4620035.00,CT,Montréal,0.18205,2013,1188,1141,135.00,1005.00
4620036.00,CT,Montréal,0.18516,2006,1183,1125,165.00,955.00
4620037.00,CT,Montréal,0.50783,2992,1836,1762,235.00,1520.00
4620038.00,CT,Montréal,0.21521,1960,1050,1000,165.00,835.00
4620039.00,CT,Montréal,0.47191,1499,757,710,80.00,630.00
4620040.00,CT,Montréal,2.63314,0,0,0,x,x
4620041.00,CT,Montréal,0.26224,1669,1033,955,90.00,870.00
4620042.00,CT,Montréal,0.10486,886,569,533,135.00,400.00
4620043.00,CT,Montréal,0.34392,902,542,504,-,-
4620044.00,CT,Montréal,0.13623,2068,1262,1171,310.00,860.00
4620045.00,CT,Montréal,0.11753,1492,999,927,125.00,800.00
4620046.00,CT,Montréal,0.16039,2010,1171,1094,235.00,860.00
4620047.00,CT,Montréal,0.11563,695,403,376,95.00,285.00
4620048.00,CT,Montréal,0.13992,2133,1225,1173,155.00,1015.00
4620049.00,CT,Montréal,0.16404,1373,917,851,165.00,685.00
4620050.00,CT,Montréal,0.07109,1372,760,727,100.00,625.00
4620051.00,CT,Montréal,0.21677,1536,927,826,205.00,620.00
4620052.00,CT,Montréal,0.13986,1964,1157,1070,145.00,925.00
4620053.00,CT,Montréal,0.10278,736,567,521,85.00,435.00
4620054.00,CT,Montréal,0.15407,1390,643,555,-,-
4620055.01,CT,Montréal,0.70896,3720,2548,2063,1170.00,890.00
4620055.02,CT,Montréal,1.40373,584,545,291,265.00,25.00
4620056.00,CT,Montréal,0.2881,1482,679,618,100.00,520.00
4620057.00,CT,Montréal,0.14468,1399,692,410,x,x
4620058.00,CT,Montréal,0.15228,963,643,598,120.00,475.00
4620059.00,CT,Montréal,0.20241,1324,856,753,235.00,515.00
4620060.00,CT,Montréal,0.09016,1715,789,778,10.00,770.00
4620061.00,CT,Montréal,0.2161,534,350,296,90.00,205.00
4620062.00,CT,Montréal,0.82956,777,501,292,195.00,95.00
4620063.00,CT,Montréal,0.3618,441,251,216,15.00,205.00
4620064.00,CT,Montréal,0.23795,1175,989,672,15.00,655.00
4620065.01,CT,Montréal,0.13615,6171,4728,3833,140.00,3695.00
4620065.02,CT,Montréal,0.14746,2581,1868,1488,75.00,1415.00
4620066.01,CT,Montréal,0.20423,2579,1852,1457,370.00,1085.00
4620066.02,CT,Montréal,0.15411,2017,1424,1188,85.00,1105.00
4620067.00,CT,Montréal,0.17633,1873,870,819,285.00,535.00
4620068.00,CT,Montréal,0.19137,2135,731,695,60.00,635.00
4620069.00,CT,Montréal,0.69358,2686,1612,1427,1005.00,420.00
4620070.00,CT,Montréal,0.62217,1146,824,669,385.00,280.00
4620071.00,CT,Montréal,0.41141,0,0,0,x,x
4620072.00,CT,Montréal,2.58326,3550,1810,1712,370.00,1340.00
4620073.00,CT,Montréal,0.33274,1323,788,699,240.00,465.00
4620074.00,CT,Montréal,0.39779,3729,1858,1722,495.00,1230.00
4620075.00,CT,Montréal,0.31256,2704,1364,1289,195.00,1095.00
4620076.00,CT,Montréal,0.3509,2623,1342,1252,245.00,1005.00
4620077.00,CT,Montréal,0.41852,2461,1052,1015,355.00,660.00
4620078.00,CT,Montréal,0.38515,3755,2051,1928,805.00,1120.00
4620079.00,CT,Montréal,0.60619,4446,2481,2289,470.00,1815.00
4620080.00,CT,Montréal,0.09043,775,436,410,55.00,350.00
4620081.00,CT,Montréal,0.26371,2459,1345,1271,160.00,1110.00
4620082.00,CT,Montréal,0.27322,2113,1072,1013,60.00,955.00
4620083.00,CT,Montréal,0.42903,3120,1613,1533,440.00,1090.00
4620084.00,CT,Montréal,0.37043,1889,903,840,165.00,675.00
4620085.00,CT,Montréal,1.18434,847,385,355,95.00,260.00
4620086.00,CT,Montréal,0.52301,4005,2149,2072,660.00,1410.00
4620087.00,CT,Montréal,0.2557,3183,1503,1411,365.00,1045.00
4620088.00,CT,Montréal,0.33379,3613,1949,1871,550.00,1320.00
4620089.00,CT,Montréal,0.51392,4777,2468,2358,910.00,1445.00
4620090.00,CT,Montréal,0.44807,4376,2177,2102,740.00,1365.00
4620091.00,CT,Montréal,1.06156,0,0,0,x,x
4620092.00,CT,Montréal,0.56037,6223,2898,2808,990.00,1815.00
4620093.00,CT,Montréal,0.73459,3392,1628,1556,540.00,1020.00
4620094.01,CT,Montréal,1.7813,5962,3022,2816,505.00,2315.00
4620094.02,CT,Montréal,1.88081,15,8,6,x,x
4620095.00,CT,Montréal,0.22608,2177,1230,1120,155.00,960.00
4620096.00,CT,Montréal,0.18641,2145,1116,1036,350.00,680.00
4620097.01,CT,Montréal,0.35291,6285,3458,3286,510.00,2775.00
4620097.02,CT,Montréal,0.39294,3644,2028,1894,170.00,1720.00
4620098.00,CT,Montréal,1.02722,5511,2473,2307,1285.00,1020.00
4620099.00,CT,Montréal,0.68903,4761,2431,2324,890.00,1435.00
4620100.00,CT,Montréal,0.81307,7618,3637,3373,1090.00,2280.00
4620101.01,CT,Montréal,0.35543,4262,1953,1858,635.00,1220.00
4620101.02,CT,Montréal,0.36341,3953,1685,1586,340.00,1250.00
4620102.00,CT,Montréal,0.59248,4051,2149,1962,815.00,1145.00
4620103.00,CT,Montréal,0.33938,2412,1101,1070,600.00,470.00
4620104.00,CT,Montréal,0.37777,2738,1138,1093,730.00,360.00
4620105.00,CT,Montréal,0.3063,3274,1703,1556,675.00,880.00
4620106.00,CT,Montréal,0.22501,1943,935,894,335.00,560.00
4620107.00,CT,Montréal,0.16625,1369,826,742,190.00,550.00
4620108.00,CT,Montréal,0.56976,3969,1849,1557,765.00,795.00
4620109.00,CT,Montréal,0.17553,2031,1107,1010,230.00,770.00
4620110.00,CT,Montréal,0.23887,3866,2059,1956,205.00,1750.00
4620111.00,CT,Montréal,0.73497,6581,3027,2816,1215.00,1595.00
4620112.01,CT,Montréal,0.64273,5215,1770,1692,485.00,1205.00
4620112.02,CT,Montréal,0.28029,4394,2106,2010,190.00,1820.00
4620113.00,CT,Montréal,0.5027,5130,2259,2136,500.00,1630.00
4620114.00,CT,Montréal,0.28598,2049,960,879,305.00,580.00
4620115.01,CT,Montréal,0.21858,2011,967,843,370.00,475.00
4620115.02,CT,Montréal,0.42737,5891,3799,3478,155.00,3320.00
4620116.00,CT,Montréal,0.63992,7194,3240,3045,395.00,2650.00
4620117.00,CT,Montréal,0.27245,4504,1574,1521,225.00,1290.00
4620118.00,CT,Montréal,0.29853,4429,1642,1567,385.00,1180.00
4620119.00,CT,Montréal,0.56733,6649,2571,2469,360.00,2105.00
4620120.00,CT,Montréal,2.78411,3916,1757,1645,665.00,980.00
4620121.00,CT,Montréal,0.37562,1753,708,692,395.00,295.00
4620122.00,CT,Montréal,0.66705,7185,3321,3149,110.00,3035.00
4620123.00,CT,Montréal,0.41197,6543,3449,3181,240.00,2945.00
4620124.00,CT,Montréal,0.37997,5884,2795,2618,235.00,2385.00
4620125.00,CT,Montréal,0.4677,6359,2895,2689,1110.00,1575.00
4620126.00,CT,Montréal,0.73564,2029,1078,885,290.00,595.00
4620127.01,CT,Montréal,0.48342,5561,3682,3298,365.00,2935.00
4620127.02,CT,Montréal,1.32742,5,4,3,x,x
4620128.00,CT,Montréal,3.01604,3645,2068,1804,960.00,845.00
4620129.01,CT,Montréal,0.28381,4039,2877,2353,765.00,1590.00
4620129.02,CT,Montréal,0.36278,3815,2946,2332,335.00,1995.00
4620130.00,CT,Montréal,0.15672,3266,2874,2036,-,-
4620131.00,CT,Montréal,0.1024,3457,2727,2134,175.00,1955.00
4620132.00,CT,Montréal,0.2698,4992,3849,3059,330.00,2730.00
4620133.00,CT,Montréal,0.14636,2414,1719,1477,295.00,1180.00
4620134.00,CT,Montréal,0.08719,835,575,497,200.00,300.00
4620135.00,CT,Montréal,0.12042,1675,986,912,355.00,560.00
4620136.00,CT,Montréal,0.18142,2740,1616,1469,475.00,990.00
4620137.00,CT,Montréal,0.18509,1122,713,606,120.00,480.00
4620138.00,CT,Montréal,0.28223,2039,1168,1053,355.00,700.00
4620139.00,CT,Montréal,0.22172,3123,1841,1671,655.00,1015.00
4620140.00,CT,Montréal,0.11688,1398,748,714,340.00,375.00
4620141.00,CT,Montréal,0.12192,1580,902,852,390.00,460.00
4620142.00,CT,Montréal,0.10667,1595,966,889,335.00,555.00
4620143.00,CT,Montréal,0.17205,2339,1596,1485,260.00,1225.00
4620144.00,CT,Montréal,0.1878,3372,2186,2021,555.00,1460.00
4620145.00,CT,Montréal,0.43966,0,0,0,x,x
4620146.00,CT,Montréal,0.14211,2293,1547,1432,385.00,1045.00
4620147.00,CT,Montréal,0.16782,2736,1626,1530,300.00,1235.00
4620148.00,CT,Montréal,0.14474,1225,512,486,175.00,305.00
4620149.00,CT,Montréal,0.13874,3312,1931,1819,555.00,1265.00
4620150.00,CT,Montréal,0.16591,2450,1469,1371,285.00,1090.00
4620151.00,CT,Montréal,0.11575,2106,1174,1119,290.00,825.00
4620152.00,CT,Montréal,0.13782,1504,907,859,160.00,700.00
4620153.00,CT,Montréal,0.2781,866,486,450,65.00,380.00
4620154.00,CT,Montréal,0.12595,614,368,356,50.00,305.00
4620155.00,CT,Montréal,0.10822,1724,1078,1034,170.00,860.00
4620156.00,CT,Montréal,0.13931,1946,1163,1101,240.00,860.00
4620157.00,CT,Montréal,0.16235,2022,1144,1088,350.00,735.00
4620158.00,CT,Montréal,0.14118,2054,1329,1253,275.00,975.00
4620159.00,CT,Montréal,0.12367,1836,1039,983,380.00,605.00
4620160.00,CT,Montréal,0.12169,1719,1115,1048,335.00,710.00
4620161.00,CT,Montréal,0.13892,1951,1070,1011,305.00,705.00
4620162.00,CT,Montréal,0.09542,1635,994,914,265.00,655.00
4620163.00,CT,Montréal,0.20233,3060,1603,1479,470.00,1005.00
4620164.00,CT,Montréal,0.06972,1237,783,716,200.00,510.00
4620165.00,CT,Montréal,0.14822,2405,1226,1100,205.00,895.00
4620166.00,CT,Montréal,0.23196,446,252,236,50.00,185.00
4620167.00,CT,Montréal,0.20387,2453,1231,1168,280.00,885.00
4620168.00,CT,Montréal,0.16845,2593,1139,1078,375.00,705.00
4620169.00,CT,Montréal,0.14677,2204,1041,978,375.00,605.00
4620170.00,CT,Montréal,0.15587,2119,1130,1029,295.00,735.00
4620171.00,CT,Montréal,0.48111,4419,2487,2336,755.00,1580.00
4620172.00,CT,Montréal,0.20133,2043,1427,1333,250.00,1085.00
4620173.00,CT,Montréal,0.18567,1791,1114,1048,300.00,745.00
4620174.00,CT,Montréal,0.22836,1677,1035,993,335.00,660.00
4620175.00,CT,Montréal,0.1181,1880,1108,1045,335.00,710.00
4620176.00,CT,Montréal,0.1149,1597,927,893,175.00,715.00
4620177.00,CT,Montréal,0.09907,1244,746,711,135.00,575.00
4620178.00,CT,Montréal,0.28056,2392,1446,1379,210.00,1170.00
4620179.00,CT,Montréal,0.49465,3821,2271,2147,375.00,1775.00
4620180.00,CT,Montréal,0.2635,3572,1984,1908,405.00,1500.00
4620181.00,CT,Montréal,0.33062,3816,2104,2020,425.00,1600.00
4620182.00,CT,Montréal,0.13969,2150,1189,1146,270.00,880.00
4620183.00,CT,Montréal,0.13216,2185,1264,1214,270.00,945.00
4620184.00,CT,Montréal,0.21975,3031,1568,1516,455.00,1055.00
4620185.00,CT,Montréal,0.39661,5148,2879,2768,740.00,2025.00
4620186.00,CT,Montréal,0.37957,4426,2416,2338,440.00,1895.00
4620187.01,CT,Montréal,0.36489,2475,1345,1266,305.00,960.00
4620187.02,CT,Montréal,1.13409,9189,4989,4796,2060.00,2730.00
4620188.01,CT,Montréal,0.14557,2137,1181,1131,325.00,800.00
4620188.02,CT,Montréal,0.22689,2558,1446,1376,390.00,985.00
4620189.00,CT,Montréal,1.47636,5,1,1,x,x
4620190.01,CT,Montréal,0.45972,3477,1879,1812,760.00,1050.00
4620190.02,CT,Montréal,1.04295,3320,1891,1836,860.00,975.00
4620191.00,CT,Montréal,1.67907,6089,3087,2956,1160.00,1795.00
4620192.00,CT,Montréal,0.78718,3348,1203,1176,825.00,350.00
4620193.00,CT,Montréal,0.26739,1984,947,916,420.00,500.00
4620194.00,CT,Montréal,1.19061,5171,2244,2195,840.00,1355.00
4620195.01,CT,Montréal,0.54153,3539,1685,1632,525.00,1110.00
4620195.02,CT,Montréal,0.5967,5427,2495,2432,810.00,1620.00
4620195.03,CT,Montréal,0.90561,5047,2372,2317,865.00,1450.00
4620196.00,CT,Montréal,0.39926,3899,2222,2124,645.00,1475.00
4620197.00,CT,Montréal,0.59694,4709,2499,2385,660.00,1725.00
4620198.00,CT,Montréal,0.64179,4830,2605,2513,860.00,1655.00
4620199.00,CT,Montréal,0.22507,2564,1400,1347,440.00,905.00
4620200.00,CT,Montréal,0.3109,4345,2280,2200,630.00,1565.00
4620201.00,CT,Montréal,0.92732,6855,3629,3495,810.00,2675.00
4620202.00,CT,Montréal,0.60971,4374,2412,2323,655.00,1670.00
4620203.00,CT,Montréal,0.23778,2749,1527,1489,420.00,1065.00
4620204.00,CT,Montréal,0.23466,2694,1508,1442,390.00,1050.00
4620205.00,CT,Montréal,0.17705,2126,1205,1162,345.00,815.00
4620206.00,CT,Montréal,0.23278,2617,1460,1386,470.00,915.00
4620207.00,CT,Montréal,0.25643,3356,1835,1755,470.00,1285.00
4620208.00,CT,Montréal,0.20053,2568,1384,1333,415.00,920.00
4620209.00,CT,Montréal,0.66349,5928,3084,2932,770.00,2155.00
4620210.00,CT,Montréal,0.32663,3588,2120,1996,365.00,1630.00
4620211.00,CT,Montréal,0.17672,2279,1307,1268,245.00,1010.00
4620212.00,CT,Montréal,0.19487,2491,1444,1370,310.00,1060.00
4620213.00,CT,Montréal,0.19261,2651,1373,1323,420.00,900.00
4620214.00,CT,Montréal,0.25562,2554,1424,1358,310.00,1050.00
4620215.00,CT,Montréal,0.23137,2190,1231,1167,200.00,965.00
4620216.00,CT,Montréal,0.32149,2259,1275,1202,175.00,1030.00
4620217.00,CT,Montréal,0.16073,2689,1456,1385,290.00,1095.00
4620218.00,CT,Montréal,0.28179,2873,1656,1539,190.00,1345.00
4620219.00,CT,Montréal,0.31553,2412,1165,1096,265.00,835.00
4620220.00,CT,Montréal,0.40794,5895,2747,2506,440.00,2070.00
4620221.00,CT,Montréal,0.32519,6498,2868,2675,520.00,2155.00
4620222.00,CT,Montréal,0.20098,3882,1622,1529,370.00,1160.00
4620223.01,CT,Montréal,0.14728,4240,1637,1547,160.00,1390.00
4620223.02,CT,Montréal,0.19873,3350,1313,1264,305.00,955.00
4620224.00,CT,Montréal,0.37597,6396,2560,2425,470.00,1950.00
4620225.00,CT,Montréal,0.64989,1379,686,628,260.00,365.00
4620226.00,CT,Montréal,0.25042,3103,1643,1578,520.00,1055.00
4620227.00,CT,Montréal,0.11694,1504,804,782,175.00,605.00
4620228.00,CT,Montréal,0.11308,1539,792,762,210.00,550.00
4620229.00,CT,Montréal,0.47293,0,0,0,x,x
4620230.00,CT,Montréal,0.11818,1863,998,960,255.00,705.00
4620231.00,CT,Montréal,0.10435,1677,909,882,270.00,610.00
4620232.00,CT,Montréal,0.36424,3080,1635,1570,565.00,1000.00
4620233.00,CT,Montréal,0.10737,2049,1090,1055,165.00,890.00
4620234.00,CT,Montréal,0.15022,2255,1235,1172,220.00,950.00
4620235.00,CT,Montréal,0.11838,1856,1022,977,290.00,690.00
4620236.00,CT,Montréal,0.10765,1659,956,919,225.00,700.00
4620237.00,CT,Montréal,0.22222,3136,1610,1554,405.00,1150.00
4620238.00,CT,Montréal,0.16423,2400,1291,1243,325.00,920.00
4620239.00,CT,Montréal,0.54659,4574,2628,2479,495.00,1980.00
4620240.00,CT,Montréal,0.30413,2856,1489,1441,380.00,1060.00
4620241.00,CT,Montréal,0.21435,2941,1404,1352,370.00,985.00
4620242.00,CT,Montréal,0.37218,6373,3143,3024,755.00,2265.00
4620243.00,CT,Montréal,0.25381,4088,1842,1775,375.00,1400.00
4620244.00,CT,Montréal,0.17656,2234,1125,1094,215.00,875.00
4620245.00,CT,Montréal,0.22007,2684,1546,1474,300.00,1175.00
4620247.00,CT,Montréal,0.19427,2204,1216,1162,370.00,795.00
4620249.00,CT,Montréal,0.53629,4285,2169,2097,720.00,1385.00
4620250.00,CT,Montréal,0.44743,3808,1913,1829,695.00,1130.00
4620251.01,CT,Montréal,0.46597,3815,1567,1528,550.00,975.00
4620251.02,CT,Montréal,0.24947,2568,1228,1157,355.00,800.00
4620252.00,CT,Montréal,0.32806,4948,2322,2200,725.00,1475.00
4620253.00,CT,Montréal,0.45442,2831,1185,1149,355.00,795.00
4620254.00,CT,Montréal,0.62045,3882,1823,1736,700.00,1035.00
4620256.00,CT,Montréal,1.8574,3823,1502,1431,475.00,950.00
4620257.00,CT,Montréal,1.33004,4590,1722,1674,490.00,1180.00
4620258.00,CT,Montréal,0.40103,4910,1798,1736,350.00,1385.00
4620259.00,CT,Montréal,0.36575,6202,2466,2360,455.00,1905.00
4620260.00,CT,Montréal,0.54698,2268,887,857,280.00,580.00
4620261.00,CT,Montréal,0.62697,2872,1126,1094,400.00,695.00
4620262.00,CT,Montréal,0.74137,4509,1744,1676,615.00,1065.00
4620263.00,CT,Montréal,0.75557,4003,1732,1667,585.00,1085.00
4620264.01,CT,Montréal,1.21501,5573,2572,2509,1025.00,1485.00
4620264.02,CT,Montréal,0.89037,4507,2447,2323,1395.00,930.00
4620265.00,CT,Montréal,0.47882,4379,2328,2207,780.00,1425.00
4620266.00,CT,Montréal,0.76071,3377,1777,1728,455.00,1275.00
4620267.00,CT,Montréal,1.10338,6020,2600,2478,1020.00,1460.00
4620268.01,CT,Montréal,0.57657,6087,3295,3119,1455.00,1665.00
4620268.02,CT,Montréal,0.33308,3770,1766,1508,435.00,1070.00
4620268.03,CT,Montréal,1.29566,0,0,0,x,x
4620269.00,CT,Montréal,0.77417,4059,2023,1913,440.00,1475.00
4620270.00,CT,Montréal,0.67784,4256,2264,2170,740.00,1430.00
4620271.00,CT,Montréal,0.47913,3140,1552,1501,815.00,685.00
4620272.00,CT,Montréal,0.49943,3573,1880,1825,590.00,1235.00
4620273.00,CT,Montréal,0.57821,4255,2143,2079,805.00,1275.00
4620274.00,CT,Montréal,0.4798,2966,1418,1358,470.00,890.00
4620275.00,CT,Montréal,0.61621,4061,2119,2018,695.00,1325.00
4620276.00,CT,Montréal,0.88793,4971,2595,2481,800.00,1680.00
4620277.00,CT,Montréal,0.54901,4461,2039,1942,505.00,1435.00
4620278.00,CT,Montréal,0.59083,4303,2192,2120,665.00,1455.00
4620279.00,CT,Montréal,0.93642,4255,2182,2107,630.00,1475.00
4620280.00,CT,Montréal,0.60081,4402,2220,2136,785.00,1350.00
4620281.00,CT,Montréal,1.07953,3572,1703,1636,825.00,805.00
4620282.00,CT,Montréal,1.31612,6644,2856,2747,1300.00,1445.00
4620283.01,CT,Montréal,0.60641,3648,1412,1363,820.00,545.00
4620283.02,CT,Montréal,0.47639,2753,1193,1132,560.00,575.00
4620284.00,CT,Montréal,0.58424,3393,1629,1577,750.00,825.00
4620285.00,CT,Montréal,1.49815,6734,2421,2341,1055.00,1285.00
4620286.00,CT,Montréal,0.79607,5262,2098,2004,725.00,1275.00
4620287.01,CT,Montréal,0.53789,6214,3023,2858,395.00,2460.00
4620287.02,CT,Montréal,1.11339,4405,1783,1719,950.00,765.00
4620288.00,CT,Montréal,1.88199,1567,648,638,375.00,260.00
4620290.01,CT,Montréal,1.18711,1906,787,761,490.00,270.00
4620290.02,CT,Montréal,1.72369,6057,2159,2124,1430.00,695.00
4620290.03,CT,Montréal,0.63693,4248,1720,1680,905.00,770.00
4620290.04,CT,Montréal,2.83154,6511,2260,2204,1530.00,680.00
4620290.05,CT,Montréal,2.16205,6229,3093,3041,1120.00,1925.00
4620290.06,CT,Montréal,0.92327,5984,2045,1998,1330.00,665.00
4620290.07,CT,Montréal,0.5907,3736,1385,1357,830.00,525.00
4620290.08,CT,Montréal,1.09944,4336,1505,1481,1250.00,230.00
4620290.09,CT,Montréal,1.10713,5243,1797,1763,1340.00,420.00
4620291.01,CT,Montréal,0.97519,3384,1106,1093,855.00,225.00
4620291.02,CT,Montréal,10.14471,7894,2386,2334,2075.00,260.00
4620300.00,CT,Montréal,0.51991,2729,1353,1253,175.00,1080.00
4620301.00,CT,Montréal,0.4199,5000,2650,2536,760.00,1775.00
4620302.00,CT,Montréal,0.20659,3009,1594,1501,290.00,1210.00
4620303.00,CT,Montréal,0.26092,2290,1223,1153,185.00,970.00
4620304.00,CT,Montréal,0.26846,2941,1651,1581,355.00,1230.00
4620305.00,CT,Montréal,0.35228,3923,2187,2087,655.00,1430.00
4620306.00,CT,Montréal,0.22414,3215,1673,1580,205.00,1370.00
4620307.00,CT,Montréal,0.17936,3438,1715,1632,205.00,1425.00
4620308.00,CT,Montréal,0.17762,2765,1429,1373,135.00,1235.00
4620309.00,CT,Montréal,0.18829,1321,635,599,230.00,370.00
4620310.00,CT,Montréal,0.4405,3478,1695,1631,460.00,1175.00
4620311.00,CT,Montréal,0.35056,4214,2109,2031,365.00,1675.00
4620312.00,CT,Montréal,0.3083,3309,1710,1644,335.00,1305.00
4620313.00,CT,Montréal,0.40419,3239,1611,1522,425.00,1095.00
4620314.00,CT,Montréal,0.26226,2551,1240,1203,400.00,800.00
4620315.00,CT,Montréal,0.80381,246,3,3,-,-
4620316.00,CT,Montréal,0.57494,2200,862,844,670.00,175.00
4620317.01,CT,Montréal,2.47978,10118,5464,4996,2980.00,2020.00
4620317.02,CT,Montréal,1.31571,6092,3451,3178,1755.00,1425.00
4620320.00,CT,Montréal,0.67732,4581,2227,2152,1070.00,1085.00
4620321.00,CT,Montréal,1.08767,2879,1459,1394,625.00,765.00
4620322.02,CT,Montréal,0.77835,3872,1751,1693,895.00,800.00
4620322.03,CT,Montréal,0.70883,4692,2482,2407,650.00,1755.00
4620322.04,CT,Montréal,0.4535,3586,1812,1733,580.00,1150.00
4620323.00,CT,Montréal,0.62039,3113,1399,1347,480.00,865.00
4620324.01,CT,Montréal,0.70155,4540,2084,1974,740.00,1235.00
4620324.02,CT,Montréal,0.66072,2864,1207,1155,420.00,735.00
4620325.01,CT,Montréal,0.39023,3749,1506,1464,550.00,915.00
4620325.02,CT,Montréal,0.97267,6515,3007,2886,795.00,2090.00
4620325.03,CT,Montréal,0.47762,3636,1558,1510,655.00,855.00
4620325.04,CT,Montréal,1.69466,8959,4418,4156,2685.00,1470.00
4620326.01,CT,Montréal,2.52626,2849,1194,1151,370.00,785.00
4620326.02,CT,Montréal,1.08333,3428,1690,1614,555.00,1055.00
4620326.03,CT,Montréal,1.31744,4964,2008,1930,810.00,1115.00
4620327.00,CT,Montréal,1.0984,4828,2182,2103,745.00,1360.00
4620328.00,CT,Montréal,0.43758,1971,863,835,20.00,815.00
4620329.00,CT,Montréal,0.62602,3737,1828,1721,600.00,1125.00
4620330.00,CT,Montréal,2.02485,4851,2267,2154,540.00,1610.00
4620340.00,CT,Montréal-Ouest,1.40681,5184,1928,1858,1440.00,415.00
4620350.00,CT,Westmount,0.55558,2714,1330,1216,435.00,770.00
4620351.00,CT,Westmount,0.46034,5131,3053,2730,645.00,2085.00
4620352.00,CT,Westmount,0.48668,2891,1352,1246,560.00,685.00
4620353.00,CT,Westmount,0.40699,2970,1248,1167,740.00,425.00
4620354.00,CT,Westmount,0.81395,3187,1047,1010,935.00,80.00
4620355.00,CT,Westmount,0.30728,1573,687,645,400.00,245.00
4620356.00,CT,Westmount,0.99616,2028,701,663,650.00,10.00
4620360.00,CT,Montréal,1.43358,2001,686,656,575.00,80.00
4620361.00,CT,Montréal,0.12611,1539,826,762,190.00,575.00
4620362.00,CT,Montréal,0.53347,2513,898,848,580.00,270.00
4620363.00,CT,Montréal,0.37302,4764,2308,2119,925.00,1195.00
4620364.00,CT,Montréal,0.23792,2699,1059,1004,380.00,625.00
4620365.00,CT,Montréal,0.24877,2656,1323,1246,665.00,580.00
4620366.00,CT,Montréal,0.34354,2508,1073,1020,620.00,400.00
4620367.00,CT,Montréal,0.56686,4217,2185,2070,1010.00,1060.00
4620370.00,CT,Hampstead,1.79014,6996,2639,2518,1730.00,790.00
4620380.00,CT,Côte-Saint-Luc,0.7617,3988,1880,1796,760.00,1030.00
4620381.00,CT,Côte-Saint-Luc,0.58865,5957,2685,2550,580.00,1970.00
4620382.01,CT,Côte-Saint-Luc,0.57855,3701,1778,1644,1020.00,620.00
4620382.02,CT,Côte-Saint-Luc,1.56269,4496,1597,1548,1155.00,390.00
4620383.01,CT,Côte-Saint-Luc,1.72776,3386,1096,1067,695.00,370.00
4620383.02,CT,Côte-Saint-Luc,1.50147,7402,3858,3555,2010.00,1540.00
4620385.00,CT,Côte-Saint-Luc,0.03823,1458,1002,951,65.00,885.00
4620390.00,CT,Montréal,1.02592,1267,669,630,245.00,390.00
4620391.00,CT,Montréal,0.31606,1809,910,855,200.00,655.00
4620392.00,CT,Montréal,0.43666,1476,775,689,305.00,380.00
4620393.00,CT,Montréal,1.04249,5497,2600,2484,960.00,1525.00
4620394.00,CT,Montréal,1.35015,3943,1959,1858,655.00,1205.00
4620395.01,CT,Montréal,7.61868,2225,1245,918,65.00,870.00
4620395.02,CT,Montréal,0.68907,6388,2899,2746,930.00,1825.00
4620395.03,CT,Montréal,0.60185,4238,2307,2207,1000.00,1210.00
4620396.00,CT,Montréal,1.47163,5865,2829,2718,1435.00,1280.00
4620397.00,CT,Montréal,1.18211,3832,1449,1425,1260.00,150.00
4620400.00,CT,Mont-Royal,1.38144,4687,1857,1767,1215.00,550.00
4620401.00,CT,Mont-Royal,0.97071,3017,1303,1234,700.00,535.00
4620402.00,CT,Mont-Royal,2.54361,1226,472,456,265.00,190.00
4620403.00,CT,Mont-Royal,1.32848,4973,1935,1818,1180.00,640.00
4620404.00,CT,Mont-Royal,1.43823,5030,1810,1746,1180.00,565.00
4620410.01,CT,Montréal,0.86031,5188,2156,2085,1035.00,1055.00
4620410.02,CT,Montréal,0.76952,5117,2856,2680,1405.00,1275.00
4620410.03,CT,Montréal,2.18435,1801,608,581,345.00,240.00
4620412.00,CT,Montréal,1.46408,5516,2157,2066,1195.00,875.00
4620413.00,CT,Montréal,1.58195,7655,2938,2789,1725.00,1060.00
4620415.01,CT,Montréal,28.87051,7723,3310,3077,2545.00,535.00
4620415.03,CT,Montréal,0.27481,4088,1999,1910,610.00,1300.00
4620415.04,CT,Montréal,0.47257,4948,2341,2147,635.00,1515.00
4620416.01,CT,Montréal,0.84812,4249,1436,1413,1190.00,225.00
4620416.02,CT,Montréal,1.0618,3013,1169,1130,515.00,610.00
4620417.01,CT,Montréal,0.67011,3933,1486,1443,815.00,630.00
4620417.02,CT,Montréal,0.37707,3123,961,929,135.00,790.00
4620418.00,CT,Montréal,1.29497,5233,2364,2268,855.00,1410.00
4620419.00,CT,Montréal,0.37903,4863,1816,1747,315.00,1435.00
4620420.00,CT,Montréal,0.82564,5045,2009,1835,1145.00,685.00
4620421.01,CT,Montréal,0.38919,7001,2935,2754,20.00,2730.00
4620421.02,CT,Montréal,0.55094,6337,2746,2568,310.00,2260.00
4620430.00,CT,Dorval,1.98171,5791,2966,2830,1135.00,1695.00
4620431.00,CT,Dorval,2.18532,5459,2466,2365,1205.00,1160.00
4620432.00,CT,Dorval,1.30584,3284,1270,1239,1135.00,100.00
4620433.00,CT,Montréal,15.4224,3554,1416,1377,1140.00,240.00
4620440.00,CT,L'Île-Dorval,0.18037,0,59,1,x,x
4620450.00,CT,Pointe-Claire,3.76634,7142,3265,3095,2060.00,1030.00
4620451.00,CT,Pointe-Claire,3.32637,6745,2815,2725,1950.00,770.00
4620452.00,CT,Pointe-Claire,3.17058,6865,3198,2954,1425.00,1525.00
4620453.01,CT,Pointe-Claire,1.98084,5131,1857,1824,1575.00,250.00
4620453.02,CT,Pointe-Claire,6.63867,4278,1473,1451,1290.00,160.00
4620460.00,CT,Beaconsfield,3.57925,5303,1858,1821,1775.00,50.00
4620461.00,CT,Beaconsfield,1.85099,2898,1047,1015,975.00,40.00
4620462.01,CT,Beaconsfield,2.36987,5140,1923,1866,1600.00,270.00
4620462.02,CT,Beaconsfield,3.20976,5853,1921,1856,1595.00,265.00
4620470.01,CT,Kirkland,3.59357,7213,2739,2632,2220.00,415.00
4620470.03,CT,Kirkland,2.39204,4994,1460,1439,1430.00,10.00
4620470.04,CT,Kirkland,1.54969,3951,1234,1215,1190.00,25.00
4620470.05,CT,Kirkland,2.11144,4333,1267,1252,1235.00,20.00
4620480.00,CT,Baie-D'Urfé,6.02704,3902,1423,1378,1260.00,115.00
4620490.00,CT,Sainte-Anne-de-Bellevue,0.71148,2597,1414,1307,505.00,800.00
4620491.00,CT,Sainte-Anne-de-Bellevue,9.86777,2600,720,702,635.00,65.00
4620500.00,CT,Senneville,7.48433,962,385,368,350.00,15.00
4620511.01,CT,Montréal,1.45016,3351,1149,1112,955.00,160.00
4620511.02,CT,Montréal,1.50948,5876,2333,2200,940.00,1260.00
4620512.02,CT,Montréal,1.45973,4433,1851,1744,1400.00,340.00
4620512.03,CT,Montréal,0.68384,1600,1003,953,485.00,465.00
4620512.04,CT,Montréal,1.76498,6322,2431,2317,1640.00,675.00
4620513.01,CT,Montréal,1.10599,5059,1803,1749,1160.00,585.00
4620513.02,CT,Montréal,1.23409,4046,1671,1617,770.00,845.00
4620514.01,CT,Montréal,1.98564,6127,2453,2362,1710.00,655.00
4620514.02,CT,Montréal,1.89029,6182,2163,2105,1620.00,490.00
4620515.01,CT,Montréal,9.09321,4835,1635,1546,1265.00,280.00
4620515.02,CT,Montréal,0.95144,4256,1510,1476,1035.00,435.00
4620515.03,CT,Montréal,0.93719,3437,1220,1195,1050.00,145.00
4620515.04,CT,Montréal,0.83767,3569,1288,1255,930.00,330.00
4620520.02,CT,Dollard-Des Ormeaux,1.71062,6938,2416,2348,1780.00,565.00
4620520.03,CT,Dollard-Des Ormeaux,1.49966,3990,1358,1310,845.00,465.00
4620520.04,CT,Dollard-Des Ormeaux,1.07006,4378,1768,1665,825.00,840.00
4620521.01,CT,Dollard-Des Ormeaux,0.84016,4439,1631,1593,1135.00,455.00
4620521.04,CT,Dollard-Des Ormeaux,1.39433,5150,1794,1709,1400.00,310.00
4620521.05,CT,Dollard-Des Ormeaux,1.36894,4660,1321,1292,1175.00,120.00
4620521.06,CT,Dollard-Des Ormeaux,2.171,4757,1547,1513,1460.00,50.00
4620521.07,CT,Dollard-Des Ormeaux,2.07153,4603,1460,1346,1175.00,165.00
4620522.01,CT,Dollard-Des Ormeaux,1.24473,3725,1334,1308,1070.00,240.00
4620522.02,CT,Dollard-Des Ormeaux,1.0749,3804,1569,1464,975.00,485.00
4620523.00,CT,Dollard-Des Ormeaux,0.76167,2486,812,804,790.00,10.00
4620530.00,CT,Montréal,2.2174,5948,2162,2105,1815.00,290.00
4620540.00,CT,Montréal,0.85264,3265,1648,1539,605.00,935.00
4620550.02,CT,Montréal,13.37441,2803,1114,1071,880.00,190.00
4620550.03,CT,Montréal,5.07415,6333,2060,2024,1840.00,185.00
4620550.04,CT,Montréal,4.35741,5189,1826,1793,1475.00,320.00
4620570.00,CT,Montréal-Est,12.48674,3822,1711,1642,675.00,975.00
4620580.01,CT,Montréal,1.22053,4246,1827,1794,1020.00,770.00
4620580.02,CT,Montréal,0.77763,2469,1193,1160,1025.00,135.00
4620580.03,CT,Montréal,1.08262,4101,1546,1522,1105.00,415.00
4620581.01,CT,Montréal,1.3127,5947,2486,2321,1490.00,835.00
4620581.02,CT,Montréal,0.6809,3769,1582,1549,795.00,750.00
4620582.01,CT,Montréal,1.18257,7072,3255,3165,1500.00,1670.00
4620582.02,CT,Montréal,1.27355,6024,2660,2587,1325.00,1265.00
4620583.00,CT,Montréal,0.7515,3284,1319,1281,775.00,510.00
4620584.00,CT,Montréal,1.6371,7205,3245,3163,1365.00,1795.00
4620585.01,CT,Montréal,3.50378,1925,728,715,640.00,75.00
4620585.02,CT,Montréal,5.57999,3802,1615,1554,695.00,855.00
4620590.01,CT,Montréal,1.41881,5367,2278,2208,980.00,1225.00
4620590.02,CT,Montréal,0.29182,2940,1425,1365,410.00,955.00
4620591.01,CT,Montréal,0.48486,2511,1086,1054,585.00,465.00
4620591.02,CT,Montréal,0.68275,4022,1697,1672,815.00,855.00
4620592.00,CT,Montréal,0.97608,6888,3156,3071,1035.00,2035.00
4620593.00,CT,Montréal,1.50448,8799,5031,4702,2275.00,2430.00
4620594.01,CT,Montréal,0.39382,2929,1425,1390,240.00,1150.00
4620594.02,CT,Montréal,7.95933,7435,3622,3527,2095.00,1430.00
4620600.01,CT,Montréal,0.75009,3762,1602,1581,460.00,1120.00
4620600.02,CT,Montréal,0.4173,3742,1785,1731,400.00,1330.00
4620600.03,CT,Montréal,0.71667,5725,2783,2637,625.00,2015.00
4620601.01,CT,Montréal,0.31832,3138,1348,1317,475.00,840.00
4620601.02,CT,Montréal,0.423,3053,1452,1409,235.00,1180.00
4620602.01,CT,Montréal,0.54555,3295,1494,1442,515.00,925.00
4620602.02,CT,Montréal,0.62028,2809,1202,1166,335.00,825.00
4620603.01,CT,Montréal,0.52509,3587,1547,1500,320.00,1175.00
4620603.02,CT,Montréal,0.61898,3508,1657,1483,570.00,915.00
4620603.03,CT,Montréal,0.35491,3448,1364,1322,310.00,1015.00
4620604.01,CT,Montréal,0.91207,3133,1159,1129,920.00,210.00
4620604.02,CT,Montréal,0.32222,4350,1795,1744,530.00,1215.00
4620604.03,CT,Montréal,0.49447,3052,1274,1236,440.00,795.00
4620604.04,CT,Montréal,0.78121,3302,1370,1333,490.00,840.00
4620604.05,CT,Montréal,0.60067,4062,1689,1622,505.00,1120.00
4620605.01,CT,Montréal,1.33932,3033,1421,1369,515.00,855.00
4620605.02,CT,Montréal,0.59212,1959,742,726,620.00,100.00
4620605.03,CT,Montréal,1.03504,5618,2439,2366,705.00,1660.00
4620605.04,CT,Montréal,1.58298,4773,1974,1928,810.00,1120.00
4620605.05,CT,Montréal,0.56664,2377,1009,970,420.00,550.00
4620610.01,CT,Montréal,0.94827,4669,2087,2006,365.00,1640.00
4620610.02,CT,Montréal,0.46124,4608,1891,1838,645.00,1190.00
4620610.03,CT,Montréal,0.78447,5492,2574,2507,1090.00,1415.00
4620610.04,CT,Montréal,0.19283,4207,1865,1765,90.00,1670.00
4620610.05,CT,Montréal,0.37911,4961,2067,1953,80.00,1870.00
4620610.06,CT,Montréal,0.34565,2807,1188,1134,290.00,840.00
4620610.07,CT,Montréal,0.55125,4479,2364,2285,265.00,2015.00
4620611.01,CT,Montréal,0.70977,2701,1214,1145,455.00,690.00
4620611.02,CT,Montréal,0.57316,5381,2322,2217,700.00,1515.00
4620612.00,CT,Montréal,0.75507,4012,1784,1710,535.00,1175.00
4620613.00,CT,Montréal,0.99063,6894,2973,2837,795.00,2035.00
4620614.00,CT,Montréal,0.46073,3581,1745,1673,540.00,1130.00
4620615.00,CT,Montréal,0.56345,5326,2311,2215,625.00,1590.00
4620616.00,CT,Montréal,0.76573,6430,2723,2590,655.00,1935.00
4620617.01,CT,Montréal,0.89203,5319,2242,2167,1115.00,1050.00
4620617.02,CT,Montréal,0.65189,3871,1653,1592,755.00,835.00
4620618.00,CT,Montréal,0.49923,3322,1654,1584,415.00,1165.00
4620619.00,CT,Montréal,0.54936,5851,3465,3293,515.00,2775.00
4620625.01,CT,Laval,5.13295,6139,2135,2099,1795.00,290.00
4620625.02,CT,Laval,1.96639,5990,2032,1992,1740.00,245.00
4620626.00,CT,Laval,10.55366,5059,1769,1723,1505.00,215.00
4620627.00,CT,Laval,5.23842,6804,2906,2820,1245.00,1575.00
4620628.01,CT,Laval,1.75842,4428,1955,1902,1195.00,705.00
4620628.02,CT,Laval,0.78358,3785,1652,1581,965.00,615.00
4620629.00,CT,Laval,1.21189,3332,1312,1287,1135.00,150.00
4620630.01,CT,Laval,1.2192,3641,1314,1300,1230.00,65.00
4620630.02,CT,Laval,2.20569,5027,1924,1893,1715.00,175.00
4620631.00,CT,Laval,24.75609,4441,1365,1335,1290.00,35.00
4620632.01,CT,Laval,1.49425,4970,2019,1990,1505.00,480.00
4620632.02,CT,Laval,1.99364,4655,1852,1813,1165.00,655.00
4620632.03,CT,Laval,4.13624,5171,2131,2109,1325.00,785.00
4620632.04,CT,Laval,1.87466,7355,3012,2958,2000.00,960.00
4620633.00,CT,Laval,1.61458,5169,2422,2352,1545.00,805.00
4620634.00,CT,Laval,0.82934,2929,1263,1234,805.00,430.00
4620635.00,CT,Laval,1.0458,5433,2713,2618,1190.00,1425.00
4620636.00,CT,Laval,2.23097,6518,2894,2781,1115.00,1665.00
4620637.01,CT,Laval,1.57427,5056,1905,1855,1380.00,470.00
4620637.02,CT,Laval,1.43305,3919,2023,1974,640.00,1335.00
4620638.01,CT,Laval,0.89728,5299,2576,2521,1130.00,1390.00
4620638.02,CT,Laval,0.45734,2046,871,847,580.00,265.00
4620638.03,CT,Laval,0.67598,3924,1794,1728,680.00,1045.00
4620638.04,CT,Laval,0.82859,6130,3096,2979,500.00,2480.00
4620639.00,CT,Laval,1.35014,3706,1809,1709,610.00,1095.00
4620640.00,CT,Laval,0.80339,3607,1698,1623,715.00,910.00
4620641.01,CT,Laval,1.34337,6712,3393,3305,1290.00,2015.00
4620641.02,CT,Laval,1.31712,2458,930,913,730.00,185.00
4620642.00,CT,Laval,9.7037,7014,3036,2961,1545.00,1415.00
4620643.00,CT,Laval,8.30876,9323,4713,4474,2305.00,2170.00
4620644.00,CT,Laval,1.46856,1221,523,504,370.00,135.00
4620645.00,CT,Laval,1.55011,5320,3051,2742,755.00,1985.00
4620646.01,CT,Laval,0.51811,3454,1483,1440,465.00,975.00
4620646.02,CT,Laval,0.60712,3658,1619,1520,815.00,705.00
4620646.03,CT,Laval,0.50826,3243,1751,1657,570.00,1090.00
4620647.01,CT,Laval,0.29594,3006,1974,1894,1100.00,785.00
4620647.02,CT,Laval,1.61683,6273,2870,2785,1795.00,995.00
4620648.00,CT,Laval,1.12824,5054,1897,1866,1360.00,505.00
4620649.01,CT,Laval,1.48922,2712,990,960,690.00,270.00
4620649.02,CT,Laval,1.30859,5593,1956,1920,1375.00,540.00
4620650.01,CT,Laval,0.75759,4433,1637,1592,1045.00,550.00
4620650.02,CT,Laval,0.72535,4010,1511,1459,755.00,705.00
4620650.03,CT,Laval,2.66831,6606,2367,2305,1445.00,855.00
4620651.01,CT,Laval,2.15187,5982,2126,2093,1780.00,310.00
4620651.02,CT,Laval,5.15361,5818,1829,1777,1670.00,105.00
4620652.01,CT,Laval,3.027,6790,2445,2393,1950.00,440.00
4620652.04,CT,Laval,1.25508,4244,1506,1491,1290.00,200.00
4620652.05,CT,Laval,2.47717,7933,2593,2527,2090.00,435.00
4620652.06,CT,Laval,2.17467,3846,1391,1368,1255.00,110.00
4620652.07,CT,Laval,9.62977,6734,2393,2344,2130.00,205.00
4620653.00,CT,Laval,0.57733,988,374,368,345.00,20.00
4620654.00,CT,Laval,1.65275,764,285,271,250.00,20.00
4620655.01,CT,Laval,1.45437,4114,1683,1628,1305.00,335.00
4620655.02,CT,Laval,2.48324,6417,2465,2414,1970.00,440.00
4620656.01,CT,Laval,6.1535,5882,2354,2291,1810.00,470.00
4620656.02,CT,Laval,5.7899,8090,2903,2847,2665.00,175.00
4620657.01,CT,Laval,1.88184,3579,1495,1463,1170.00,300.00
4620657.02,CT,Laval,1.50618,5758,2146,2126,1740.00,385.00
4620657.03,CT,Laval,1.77858,4030,1305,1288,1180.00,110.00
4620658.01,CT,Laval,1.26627,4473,1713,1691,1425.00,265.00
4620658.02,CT,Laval,0.8998,3236,1159,1150,1075.00,75.00
4620658.03,CT,Laval,5.46528,7078,2687,2632,2265.00,365.00
4620659.02,CT,Laval,3.55255,7563,2914,2872,2005.00,865.00
4620659.04,CT,Laval,6.04551,3363,1079,1069,1055.00,0.00
4620659.05,CT,Laval,2.3792,7101,2518,2488,2125.00,355.00
4620659.06,CT,Laval,1.72127,3968,1797,1761,1115.00,640.00
4620659.07,CT,Laval,2.29245,8370,3036,2983,2650.00,335.00
4620660.01,CT,Laval,2.00015,5063,1583,1563,1530.00,35.00
4620660.02,CT,Laval,1.42195,5350,2092,2049,1525.00,525.00
4620660.03,CT,Laval,2.43,7241,2562,2535,2270.00,265.00
4620661.01,CT,Laval,5.64564,7378,2785,2705,2345.00,360.00
4620661.02,CT,Laval,20.21336,8483,3115,3053,2645.00,385.00
4620662.00,CT,Laval,28.85206,4450,1670,1626,1470.00,155.00
4620675.00,CT,Repentigny,3.68593,5608,2914,2813,1650.00,1165.00
4620676.01,CT,Repentigny,1.54905,3552,1402,1382,1155.00,230.00
4620676.02,CT,Repentigny,1.32879,2990,1127,1114,1080.00,35.00
4620676.03,CT,Repentigny,1.20354,2357,915,910,895.00,15.00
4620676.04,CT,Repentigny,1.63288,3330,1164,1145,1110.00,35.00
4620677.01,CT,Repentigny,2.26526,6426,2872,2803,1735.00,1070.00
4620677.02,CT,Repentigny,2.25504,5549,2614,2574,1305.00,1270.00
4620677.03,CT,Repentigny,2.76544,7827,2903,2838,2405.00,415.00
4620677.05,CT,Repentigny,2.03351,5107,1713,1689,1575.00,110.00
4620677.06,CT,Repentigny,2.87057,3072,995,969,925.00,45.00
4620677.07,CT,Repentigny,1.03874,4296,1622,1603,1165.00,440.00
4620677.08,CT,Repentigny,2.49493,6429,2404,2292,2090.00,200.00
4620681.00,CT,Saint-Sulpice,36.36045,3332,1288,1256,1055.00,190.00
4620682.02,CT,Repentigny,12.27732,2669,1075,1047,680.00,355.00
4620682.03,CT,Repentigny,21.65386,5898,2332,2256,1835.00,415.00
4620682.04,CT,Repentigny,1.16469,3639,1403,1365,1075.00,290.00
4620682.05,CT,Repentigny,0.77404,3228,1142,1127,955.00,170.00
4620682.06,CT,Repentigny,1.73983,4260,1483,1466,1415.00,50.00
4620683.00,CT,Charlemagne,2.31137,5594,2614,2526,1425.00,1095.00
4620684.03,CT,Terrebonne,17.11133,6049,2078,2023,1930.00,90.00
4620684.04,CT,Terrebonne,13.49643,8024,2848,2771,2590.00,180.00
4620684.05,CT,Terrebonne,3.96325,5403,1859,1831,1695.00,135.00
4620684.06,CT,Terrebonne,7.75314,7587,3039,2885,2035.00,850.00
4620685.02,CT,Mascouche,56.63087,3925,1504,1461,1220.00,205.00
4620685.03,CT,Mascouche,7.79406,3961,1553,1521,1160.00,360.00
4620685.04,CT,Mascouche,0.84491,3400,1104,1091,1020.00,65.00
4620685.05,CT,Mascouche,2.82982,3916,1435,1416,1045.00,360.00
4620685.06,CT,Mascouche,7.11611,6940,2673,2534,1990.00,545.00
4620686.01,CT,Mascouche,26.0741,4538,1614,1578,1435.00,145.00
4620686.02,CT,Mascouche,3.95912,3638,1293,1257,1130.00,130.00
4620686.03,CT,Mascouche,2.04479,3446,1222,1201,1095.00,110.00
4620687.01,CT,Terrebonne,3.12272,4010,1481,1457,1235.00,220.00
4620687.02,CT,Terrebonne,42.60441,9161,3428,3267,2985.00,280.00
4620687.03,CT,Terrebonne,15.7333,6051,2237,2186,1935.00,250.00
4620687.04,CT,Terrebonne,1.75937,5255,1896,1873,1485.00,390.00
4620687.06,CT,Terrebonne,2.81243,5388,2090,2061,1435.00,620.00
4620687.07,CT,Terrebonne,1.87563,6000,2081,2060,2005.00,55.00
4620688.02,CT,Sainte-Anne-des-Plaines,89.21236,2822,928,907,755.00,130.00
4620688.03,CT,Sainte-Anne-des-Plaines,2.06163,4898,1801,1756,1330.00,425.00
4620688.04,CT,Sainte-Anne-des-Plaines,1.74197,5281,1900,1853,1480.00,375.00
4620689.01,CT,Terrebonne,2.83092,4230,1492,1447,1355.00,85.00
4620689.02,CT,Terrebonne,1.57388,3654,1300,1257,1185.00,70.00
4620689.03,CT,Terrebonne,3.8213,6598,2393,2298,1945.00,350.00
4620689.04,CT,Terrebonne,32.14741,4958,1751,1690,1450.00,220.00
4620690.00,CT,Lavaltrie,65.67533,5826,2225,2143,1805.00,315.00
4620691.00,CT,Lavaltrie,2.80984,6294,2330,2289,1850.00,440.00
4620692.00,CT,L'Assomption,64.89779,6841,2507,2453,2075.00,360.00
4620693.00,CT,L'Assomption,2.25104,5311,2344,2292,1030.00,1265.00
4620694.00,CT,L'Assomption,35.46704,4586,1675,1637,1510.00,110.00
4620700.01,CT,Terrebonne,1.31595,4847,2387,2306,1005.00,1315.00
4620700.03,CT,Terrebonne,1.53538,2909,1269,1248,725.00,530.00
4620700.04,CT,Terrebonne,1.54976,4579,2230,2160,1120.00,1040.00
4620701.00,CT,Bois-des-Filion,4.27618,8383,3365,3241,2610.00,625.00
4620702.01,CT,Lorraine,2.12721,2656,940,934,925.00,15.00
4620702.02,CT,Lorraine,3.89469,6957,2310,2277,2220.00,60.00
4620703.02,CT,Rosemère,4.40682,3839,1502,1459,1255.00,200.00
4620703.03,CT,Rosemère,3.03987,4553,1627,1583,1400.00,180.00
4620703.04,CT,Rosemère,3.24541,5781,1872,1830,1780.00,45.00
4620704.01,CT,Boisbriand,1.81485,4770,2268,2196,895.00,1305.00
4620704.04,CT,Boisbriand,1.77155,4838,1670,1655,1515.00,135.00
4620704.05,CT,Boisbriand,4.9345,6647,2328,2297,1880.00,415.00
4620704.06,CT,Boisbriand,2.39123,1845,711,691,565.00,130.00
4620704.08,CT,Boisbriand,14.57849,4443,1399,1318,840.00,475.00
4620704.09,CT,Boisbriand,2.40926,3940,1442,1416,865.00,550.00
4620705.01,CT,Sainte-Thérèse,1.61016,3604,1246,1234,1235.00,0.00
4620705.02,CT,Sainte-Thérèse,1.95577,5337,2760,2706,1115.00,1590.00
4620706.00,CT,Sainte-Thérèse,1.36219,3275,1938,1762,510.00,1250.00
4620707.00,CT,Sainte-Thérèse,1.85855,4562,2391,2305,800.00,1505.00
4620708.01,CT,Sainte-Thérèse,1.19212,5017,2348,2272,995.00,1280.00
4620708.02,CT,Sainte-Thérèse,1.60823,3429,1519,1464,930.00,540.00
4620709.01,CT,Blainville,3.72671,5594,2032,1995,1635.00,360.00
4620709.02,CT,Blainville,2.3458,5175,2123,2056,1430.00,625.00
4620710.01,CT,Blainville,34.62472,8380,2745,2705,2600.00,105.00
4620710.02,CT,Blainville,6.9688,11546,3649,3600,3385.00,215.00
4620710.03,CT,Blainville,3.08341,7027,2571,2501,2100.00,400.00
4620710.04,CT,Blainville,4.65883,8771,3279,3230,2380.00,845.00
4620725.03,CT,Saint-Eustache,1.56199,3590,1419,1387,1150.00,240.00
4620725.04,CT,Saint-Eustache,2.66794,3355,1318,1285,1100.00,185.00
4620725.06,CT,Saint-Eustache,51.9591,1709,657,636,530.00,75.00
4620725.07,CT,Saint-Eustache,1.43795,6339,2154,2117,1960.00,155.00
4620725.08,CT,Saint-Eustache,5.36676,5756,2116,2090,1865.00,225.00
4620726.01,CT,Saint-Eustache,1.87305,6483,2816,2733,1625.00,1105.00
4620726.03,CT,Saint-Eustache,1.30848,5049,2263,2196,1135.00,1060.00
4620726.04,CT,Saint-Eustache,0.78418,2107,703,694,660.00,30.00
4620727.01,CT,Saint-Eustache,1.11888,3378,1684,1648,760.00,885.00
4620727.02,CT,Saint-Eustache,1.56225,4296,1991,1906,975.00,925.00
4620728.01,CT,Deux-Montagnes,1.74978,6553,2518,2473,1900.00,575.00
4620728.02,CT,Deux-Montagnes,1.98132,4332,1663,1636,1265.00,375.00
4620728.03,CT,Deux-Montagnes,0.92362,2702,993,977,860.00,120.00
4620729.00,CT,Deux-Montagnes,1.50316,3815,1736,1695,1095.00,595.00
4620730.01,CT,Sainte-Marthe-sur-le-Lac,6.36783,4897,1884,1788,1700.00,85.00
4620730.02,CT,Sainte-Marthe-sur-le-Lac,3.15193,6414,2577,2488,2280.00,205.00
4620731.00,CT,Pointe-Calumet,5.06839,6574,2712,2565,2075.00,490.00
4620732.01,CT,Saint-Joseph-du-Lac,41.64298,4958,1794,1750,1455.00,235.00
4620732.02,CT,Oka,69.66997,3300,1367,1311,1120.00,175.00
4620733.00,CT,Mirabel,275.03383,5799,2358,2169,1600.00,430.00
4620734.01,CT,Mirabel,131.50244,7269,2731,2647,2025.00,595.00
4620734.02,CT,Mirabel,61.33754,11179,4179,4014,3275.00,705.00
4620735.01,CT,Mirabel,52.86758,6078,2413,2343,1590.00,720.00
4620735.02,CT,Mirabel,9.05657,5943,2280,2208,1515.00,690.00
4620740.00,CT,Gore,192.21066,11676,5291,4510,4135.00,360.00
4620750.01,CT,Notre-Dame-de-l'Île-Perrot,15.3975,4686,1726,1676,1605.00,75.00
4620750.02,CT,Notre-Dame-de-l'Île-Perrot,12.34191,5199,1733,1685,1610.00,70.00
4620750.03,CT,L'Île-Perrot,6.49421,11912,5186,5020,3410.00,1610.00
4620751.01,CT,Pincourt,3.19839,5803,2401,2282,1875.00,410.00
4620751.02,CT,Pincourt,4.34131,5394,1876,1816,1715.00,100.00
4620755.01,CT,Vaudreuil-Dorion,21.25491,6824,2988,2871,2010.00,845.00
4620755.02,CT,Vaudreuil-Dorion,5.48196,3771,1670,1578,1145.00,430.00
4620756.02,CT,Vaudreuil-Dorion,10.78558,828,305,291,255.00,30.00
4620756.03,CT,Vaudreuil-Dorion,34.52656,6026,2192,2114,2040.00,65.00
4620756.04,CT,Vaudreuil-Dorion,2.80466,5864,2277,2230,1660.00,565.00
4620756.05,CT,Vaudreuil-Dorion,2.27296,4940,2178,2114,1390.00,725.00
4620757.00,CT,Hudson,21.94806,5088,2160,2075,1830.00,245.00
4620758.01,CT,Saint-Lazare,39.39343,8070,2657,2612,2555.00,55.00
4620758.02,CT,Saint-Lazare,27.54507,8946,3108,3067,2790.00,275.00
4620760.00,CT,Les Cèdres,78.22852,5732,2165,2113,1795.00,300.00
4620775.00,CT,Léry,10.53063,2385,1014,972,810.00,160.00
4620776.00,CT,Beauharnois,8.48027,2808,1205,1183,995.00,195.00
4620777.00,CT,Beauharnois,61.12436,9110,4052,3933,2325.00,1590.00
4620780.00,CT,Saint-Jérôme,1.46579,3561,1646,1592,840.00,750.00
4620781.00,CT,Saint-Jérôme,2.60282,5385,3157,2951,805.00,2140.00
4620782.00,CT,Saint-Jérôme,2.57812,3166,1588,1546,635.00,910.00
4620783.00,CT,Saint-Jérôme,5.12567,4595,2338,2243,765.00,1480.00
4620784.00,CT,Saint-Jérôme,1.29363,4129,2015,1950,470.00,1475.00
4620785.00,CT,Saint-Jérôme,3.64962,4324,2076,2016,795.00,1225.00
4620786.00,CT,Saint-Jérôme,3.41117,4826,2021,1963,1235.00,730.00
4620787.00,CT,Saint-Jérôme,6.53942,6790,2845,2785,1795.00,1000.00
4620788.00,CT,Saint-Jérôme,2.22142,5288,2509,2386,940.00,1440.00
4620789.00,CT,Saint-Jérôme,12.28662,5799,2363,2297,1665.00,630.00
4620790.00,CT,Saint-Jérôme,14.78773,5441,2116,2063,1505.00,540.00
4620791.00,CT,Saint-Jérôme,4.65888,6349,2483,2422,2065.00,355.00
4620792.00,CT,Saint-Jérôme,31.02549,4076,1567,1527,1325.00,200.00
4620800.01,CT,Châteauguay,3.76195,3855,1464,1441,1255.00,185.00
4620800.02,CT,Châteauguay,1.6595,5072,2095,2040,1370.00,670.00
4620801.00,CT,Châteauguay,2.79752,7353,2921,2872,2040.00,830.00
4620802.00,CT,Châteauguay,6.22552,3646,1342,1307,995.00,310.00
4620804.00,CT,Châteauguay,13.09901,7676,2970,2915,2235.00,670.00
4620805.00,CT,Châteauguay,3.33852,7463,2859,2803,2195.00,610.00
4620806.01,CT,Châteauguay,1.62449,3189,1306,1268,835.00,430.00
4620806.02,CT,Châteauguay,4.74739,4532,1637,1616,1490.00,125.00
4620807.01,CT,Mercier,19.41453,6739,2385,2344,2065.00,230.00
4620807.02,CT,Mercier,27.01115,3382,1348,1310,940.00,365.00
4620825.01,CT,Brossard,12.8428,7272,2884,2756,2265.00,485.00
4620825.02,CT,Brossard,0.93715,3901,1587,1541,1165.00,375.00
4620825.03,CT,Brossard,1.32555,5662,2497,2414,955.00,1460.00
4620825.04,CT,Brossard,1.73163,5298,2132,2078,1700.00,380.00
4620825.05,CT,Brossard,1.73216,4816,2062,1974,1075.00,895.00
4620826.02,CT,Brossard,1.68748,4775,1758,1736,1545.00,190.00
4620826.05,CT,Brossard,1.53779,3947,1538,1387,1200.00,190.00
4620826.06,CT,Brossard,1.12956,4102,1505,1472,885.00,585.00
4620826.07,CT,Brossard,0.85018,3658,1510,1461,1350.00,110.00
4620826.08,CT,Brossard,1.23269,3495,1253,1233,1150.00,80.00
4620826.09,CT,Brossard,1.26831,3694,1090,1072,985.00,85.00
4620826.10,CT,Brossard,2.03957,6075,2212,2162,1895.00,265.00
4620826.11,CT,Brossard,1.06384,4255,1831,1814,930.00,880.00
4620826.12,CT,Brossard,15.25748,7592,2599,2520,2425.00,90.00
4620827.02,CT,La Prairie,3.43645,7410,3653,3551,1665.00,1885.00
4620827.03,CT,La Prairie,4.34801,7288,2395,2369,2270.00,100.00
4620827.04,CT,La Prairie,35.72606,7065,2710,2637,2165.00,480.00
4620828.02,CT,Candiac,11.61573,8427,2944,2877,2725.00,150.00
4620828.03,CT,Candiac,2.91046,3757,1500,1460,1120.00,335.00
4620828.04,CT,Candiac,2.91988,3763,1671,1630,1245.00,385.00
4620829.00,CT,Delson,7.19384,7322,2782,2741,2120.00,615.00
4620830.01,CT,Sainte-Catherine,6.68137,7160,2812,2765,1930.00,830.00
4620830.03,CT,Sainte-Catherine,1.51571,5048,1871,1835,1505.00,325.00
4620830.04,CT,Sainte-Catherine,1.33478,4003,1487,1465,1330.00,135.00
4620831.03,CT,Saint-Constant,2.07433,4497,1755,1719,1305.00,415.00
4620831.04,CT,Saint-Constant,1.72536,5072,1843,1814,1300.00,510.00
4620831.05,CT,Saint-Constant,1.90353,4545,1509,1498,1395.00,100.00
4620831.06,CT,Saint-Constant,6.18041,9090,3069,3039,2810.00,245.00
4620831.07,CT,Saint-Mathieu,77.02431,2647,1058,1036,880.00,115.00
4620832.00,CT,Kahnawake,50.70752,0,0,0,x,x
4620833.00,CT,Saint-Philippe,62.23285,5121,1968,1926,1770.00,155.00
4620834.00,CT,Saint-Isidore,51.95274,2489,932,916,695.00,195.00
4620850.01,CT,Chambly,4.18117,6600,2367,2322,2010.00,310.00
4620850.03,CT,Chambly,1.5086,4435,1843,1802,1035.00,765.00
4620850.04,CT,Chambly,8.36406,3491,1180,1159,1110.00,45.00
4620850.05,CT,Chambly,7.79737,3213,1167,1140,940.00,195.00
4620851.00,CT,Chambly,5.68866,4869,2183,2114,1210.00,900.00
4620852.01,CT,Carignan,55.80159,6669,2366,2321,2185.00,130.00
4620852.02,CT,Carignan,8.9225,757,331,318,275.00,35.00
4620853.02,CT,Saint-Basile-le-Grand,20.65538,5377,2081,2049,1790.00,245.00
4620853.03,CT,Saint-Basile-le-Grand,3.07687,4754,1852,1817,1490.00,330.00
4620853.04,CT,Saint-Basile-le-Grand,13.31479,5474,1883,1868,1780.00,90.00
4620854.01,CT,Saint-Bruno-de-Montarville,2.81675,5510,1971,1951,1835.00,115.00
4620854.02,CT,Saint-Bruno-de-Montarville,21.10284,5987,2151,2123,1990.00,135.00
4620855.01,CT,Saint-Bruno-de-Montarville,7.93149,5072,1890,1860,1760.00,95.00
4620855.02,CT,Saint-Bruno-de-Montarville,12.18783,7819,3379,3293,2335.00,955.00
4620856.00,CT,Longueuil,15.89372,1752,861,765,415.00,340.00
4620857.01,CT,Longueuil,1.51778,4989,1957,1927,1420.00,510.00
4620857.02,CT,Longueuil,1.17771,4251,1628,1595,1190.00,405.00
4620857.06,CT,Longueuil,1.44809,5820,2171,2136,1640.00,495.00
4620857.07,CT,Longueuil,9.9911,6741,2290,2268,2010.00,255.00
4620857.08,CT,Longueuil,3.90814,4646,2348,2289,1460.00,825.00
4620857.09,CT,Longueuil,2.35591,4187,1464,1444,1375.00,70.00
4620857.10,CT,Longueuil,6.48252,3728,1320,1285,1115.00,170.00
4620857.11,CT,Longueuil,2.14276,3145,1191,1175,1125.00,60.00
4620857.12,CT,Longueuil,1.10113,3871,1422,1413,1190.00,215.00
4620858.01,CT,Longueuil,1.52315,4594,1707,1684,1550.00,130.00
4620858.02,CT,Longueuil,1.19967,4017,1544,1525,1130.00,390.00
4620858.03,CT,Longueuil,12.90216,7775,2693,2653,2435.00,215.00
4620859.00,CT,Brossard,0.73955,2612,1072,1027,755.00,275.00
4620860.01,CT,Longueuil,1.6777,6431,2408,2363,2065.00,300.00
4620860.02,CT,Longueuil,1.19359,3995,1606,1567,860.00,705.00
4620861.00,CT,Longueuil,1.90635,6658,3329,3210,1585.00,1625.00
4620862.00,CT,Saint-Lambert,2.25281,7079,3722,3596,2330.00,1265.00
4620863.01,CT,Saint-Lambert,1.39001,3392,1548,1495,985.00,510.00
4620863.02,CT,Saint-Lambert,1.91906,5904,3125,2997,1300.00,1695.00
4620864.00,CT,Saint-Lambert,1.9951,5224,2177,2134,1580.00,555.00
4620865.00,CT,Longueuil,0.50465,1937,1048,999,395.00,600.00
4620866.00,CT,Longueuil,0.49581,3212,1766,1688,380.00,1305.00
4620867.00,CT,Longueuil,1.51453,6229,3078,2973,1165.00,1800.00
4620868.01,CT,Longueuil,1.59335,5696,2155,2120,1560.00,560.00
4620868.02,CT,Longueuil,1.2297,5587,2455,2363,1010.00,1350.00
4620869.00,CT,Longueuil,1.07711,3131,1289,1273,800.00,475.00
4620870.01,CT,Longueuil,1.04853,3836,1648,1578,525.00,1050.00
4620870.02,CT,Longueuil,0.59321,2329,1053,1024,505.00,515.00
4620871.01,CT,Longueuil,0.72714,3785,1834,1799,640.00,1160.00
4620871.02,CT,Longueuil,0.4712,2011,833,811,550.00,265.00
4620872.00,CT,Longueuil,1.72521,6395,3027,2918,980.00,1935.00
4620873.01,CT,Longueuil,0.42265,4253,2018,1939,250.00,1690.00
4620873.02,CT,Longueuil,0.65603,4422,2213,2125,305.00,1815.00
4620874.00,CT,Longueuil,0.85991,5066,2344,2276,790.00,1485.00
4620875.00,CT,Longueuil,0.72302,5025,2625,2512,585.00,1925.00
4620876.01,CT,Longueuil,0.74494,4203,1766,1684,395.00,1285.00
4620876.03,CT,Longueuil,1.99801,7736,3127,3056,1790.00,1265.00
4620876.04,CT,Longueuil,2.26222,6171,2140,2115,1970.00,145.00
4620876.05,CT,Longueuil,4.82102,6576,2742,2683,1815.00,870.00
4620877.01,CT,Longueuil,5.0706,6470,2797,2739,2270.00,465.00
4620877.02,CT,Longueuil,1.4998,5610,2464,2387,1070.00,1315.00
4620878.00,CT,Longueuil,1.08166,5135,2675,2570,675.00,1895.00
4620879.01,CT,Longueuil,0.62021,3195,1666,1601,545.00,1055.00
4620879.02,CT,Longueuil,0.76488,3843,2057,1993,920.00,1080.00
4620880.00,CT,Longueuil,0.9029,4182,2220,2143,930.00,1210.00
4620881.01,CT,Longueuil,0.53939,3604,1768,1712,540.00,1175.00
4620881.02,CT,Longueuil,0.61193,3756,1900,1834,670.00,1165.00
4620882.00,CT,Longueuil,0.71617,2612,1369,1311,505.00,810.00
4620883.00,CT,Longueuil,0.99137,2671,1498,1392,550.00,840.00
4620884.01,CT,Longueuil,0.72149,3001,1667,1596,340.00,1255.00
4620884.02,CT,Longueuil,1.91976,7344,4370,4201,1310.00,2890.00
4620885.00,CT,Longueuil,1.6144,3879,1889,1799,530.00,1270.00
4620886.01,CT,Longueuil,4.39721,3275,1535,1508,890.00,620.00
4620886.02,CT,Longueuil,2.12771,3229,1264,1249,885.00,360.00
4620886.03,CT,Longueuil,2.12396,3324,1507,1465,560.00,900.00
4620887.03,CT,Boucherville,11.40719,3762,1313,1300,1285.00,20.00
4620887.04,CT,Boucherville,1.95817,5306,2356,2320,1635.00,685.00
4620887.05,CT,Boucherville,1.99002,4954,1887,1874,1650.00,225.00
4620887.06,CT,Boucherville,1.79543,4620,1665,1655,1615.00,45.00
4620887.07,CT,Boucherville,9.94916,25,13,11,x,x
4620888.00,CT,Boucherville,34.97889,10164,3601,3508,3460.00,50.00
4620889.01,CT,Boucherville,1.39435,2849,1288,1259,560.00,710.00
4620889.02,CT,Boucherville,4.01683,2713,1108,1100,835.00,260.00
4620889.03,CT,Boucherville,3.34048,4669,1948,1919,1670.00,250.00
4620900.00,CT,Beloeil,2.63101,4673,2015,1969,1350.00,620.00
4620901.01,CT,Beloeil,2.51229,5107,2226,2175,1240.00,940.00
4620901.02,CT,Beloeil,1.79486,4607,1759,1740,1520.00,225.00
4620901.03,CT,Beloeil,18.31561,4540,1626,1577,1485.00,90.00
4620902.00,CT,McMasterville,3.39759,5234,2109,2066,1490.00,575.00
4620903.01,CT,Sainte-Julie,10.0578,6804,2786,2715,1970.00,740.00
4620903.04,CT,Sainte-Julie,1.41298,4261,1517,1502,1315.00,195.00
4620903.05,CT,Sainte-Julie,1.14023,3859,1406,1386,1285.00,100.00
4620903.06,CT,Sainte-Julie,5.80572,9360,3103,3074,2870.00,205.00
4620903.07,CT,Saint-Mathieu-de-Beloeil,70.55324,4152,1444,1430,1270.00,135.00
4620903.08,CT,Sainte-Julie,0.74706,2931,1036,1027,800.00,230.00
4620903.09,CT,Saint-Amable,13.80005,4400,1565,1542,1340.00,200.00
4620903.10,CT,Saint-Amable,22.94794,3998,1489,1445,1160.00,265.00
4620904.02,CT,Varennes,16.87158,4230,1822,1784,1005.00,780.00
4620904.03,CT,Varennes,71.66359,4867,1830,1807,1470.00,325.00
4620904.04,CT,Varennes,1.35111,3804,1282,1277,1160.00,115.00
4620904.05,CT,Varennes,1.35433,3609,1329,1317,1115.00,200.00
4620904.06,CT,Varennes,1.17942,4440,1448,1434,1410.00,25.00
4620926.01,CT,Richelieu,32.53325,5208,2122,2068,1355.00,685.00
4620926.02,CT,Saint-Mathias-sur-Richelieu,50.13108,4506,1815,1764,1445.00,315.00
4620929.00,CT,Otterburn Park,5.63161,8464,3140,3090,2670.00,420.00
4620930.02,CT,Mont-Saint-Hilaire,16.59067,6512,2861,2771,2205.00,560.00
4620930.03,CT,Mont-Saint-Hilaire,7.60067,2769,972,948,940.00,10.00
4620930.04,CT,Mont-Saint-Hilaire,21.50766,6439,2492,2445,1900.00,540.00
4621000.00,CT,L'Épiphanie,2.34252,4606,1791,1751,1065.00,685.00
4621001.00,CT,L'Épiphanie,54.73951,3129,1161,1131,920.00,190.00
4621002.00,CT,Verchères,72.98573,5243,2162,2114,1545.00,540.00
4621003.00,CT,Coteau-du-Lac,47.4452,6346,2407,2340,1885.00,450.00
4621004.00,CT,Les Coteaux,11.72082,3764,1509,1475,1095.00,375.00
4621005.00,CT,Saint-Zotique,25.19623,5251,2267,2130,1820.00,310.00
