GeoUID,Type,Region Name,Area (sq km),Population ,Dwellings ,Households ,v_CA1996_1627: Median household income $
4620001.00,CT,Montréal,0.384874818879366,2388,1096,1095,31045
4620002.00,CT,Montréal,0.387070900762141,2812,1265,1260,28694
4620003.00,CT,Montréal,0.733714301348805,6527,2721,2720,33312
4620004.00,CT,Montréal,0.445990908161044,3130,1491,1485,28781
4620005.00,CT,Montréal,0.506877701813102,3217,1529,1525,30716
4620006.00,CT,Montréal,0.553454136312962,4380,1834,1830,28300
4620007.00,CT,Montréal,1.08202468572094,5675,2701,2695,31510
4620008.00,CT,Montréal,0.569436370671242,2966,1375,1375,34763
4620009.00,CT,Montréal,4.08359024536724,3806,1674,1670,31576
4620010.00,CT,Montréal,0.835976612869263,1418,632,635,27884
4620011.00,CT,Montréal,1.2380207774234,4935,1850,1845,30342
4620012.01,CT,Montréal,0.237012311817646,2616,1276,1275,21301
4620012.02,CT,Montréal,0.396859662475348,4141,1982,1970,24275
4620013.00,CT,Montréal,1.08556843292165,4473,2293,2285,26297
4620014.01,CT,Montréal,0.906944403419733,5256,2702,2685,23377
4620014.02,CT,Montréal,0.829392944404591,25,9,0,x
4620015.00,CT,Montréal,0.377494982691288,3167,1532,1520,15909
4620016.00,CT,Montréal,0.513868548055589,2505,1091,1080,21097
4620017.00,CT,Montréal,0.227841414724946,1991,933,930,21897
4620018.00,CT,Montréal,0.358993663858891,1972,1030,1020,19798
4620019.00,CT,Montréal,0.387057250729322,2085,1094,1085,14503
4620021.00,CT,Montréal,0.44162753897979,3000,1389,1380,16079
4620022.00,CT,Montréal,0.164867686002374,1540,697,690,13006
4620023.00,CT,Montréal,0.352488550470591,1092,519,515,13596
4620024.00,CT,Montréal,0.260735195428371,2464,1231,1225,17795
4620025.00,CT,Montréal,0.21816134926182,2577,1126,1120,15215
4620026.00,CT,Montréal,0.172637400282145,1943,1016,1005,15602
4620027.00,CT,Montréal,0.0939208990015984,1704,839,835,16680
4620028.00,CT,Montréal,0.156510868984699,2051,1054,1050,21429
4620029.00,CT,Montréal,0.392212684952498,3524,1779,1775,18275
4620030.00,CT,Montréal,0.295997391988039,3176,1685,1650,23123
4620031.00,CT,Montréal,0.250297597807646,2540,1426,1400,22158
4620032.00,CT,Montréal,0.123640619573832,1408,843,835,16922
4620033.00,CT,Montréal,0.155285660356522,1779,898,895,17293
4620034.00,CT,Montréal,0.213534135056555,2314,1121,1120,16733
4620035.00,CT,Montréal,0.177492939875603,1994,1077,1065,21263
4620036.00,CT,Montréal,0.183982153302371,1718,950,935,18228
4620037.00,CT,Montréal,0.516567943313152,2838,1673,1655,16188
4620038.00,CT,Montréal,0.2061300774014,1865,916,910,14649
4620039.00,CT,Montréal,0.472198915566087,1414,606,600,14671
4620040.00,CT,Montréal,2.250307683148,0,0,0,x
4620041.00,CT,Montréal,0.259910586786211,1618,960,940,22815
4620042.00,CT,Montréal,0.10635753483364,833,526,520,18799
4620043.00,CT,Montréal,0.337348646037281,741,369,365,18184
4620044.00,CT,Montréal,0.13477621841836,2013,1113,1090,19128
4620045.00,CT,Montréal,0.115734454077631,1507,933,920,18174
4620046.00,CT,Montréal,0.155974771703959,1741,1001,990,15384
4620047.00,CT,Montréal,0.116146427454829,660,332,325,21696
4620048.00,CT,Montréal,0.140577969210863,2114,1130,1120,21257
4620049.00,CT,Montréal,0.163249301260114,1308,746,735,15249
4620050.00,CT,Montréal,0.0706267306621075,1287,684,670,13110
4620051.00,CT,Montréal,0.210635719900131,1321,729,700,21012
4620052.00,CT,Montréal,0.138290341621757,1982,1060,1045,16400
4620053.00,CT,Montréal,0.104504442444086,967,466,460,16840
4620054.00,CT,Montréal,0.148969927252889,1193,528,495,30605
4620055.01,CT,Montréal,0.698920655971944,2230,1480,1375,45715
4620055.02,CT,Montréal,1.32552636294842,442,249,230,103776
4620056.00,CT,Montréal,0.284448366095722,1156,515,480,23937
4620057.00,CT,Montréal,0.145186782241166,758,177,175,10446
4620058.00,CT,Montréal,0.150139224291444,867,527,495,18710
4620059.00,CT,Montréal,0.198264937648296,1155,695,650,22002
4620060.00,CT,Montréal,0.0935832947457433,1673,761,755,11413
4620061.00,CT,Montréal,0.213277068871617,457,283,265,30211
4620062.00,CT,Montréal,0.818478826795101,294,140,120,74837
4620063.00,CT,Montréal,0.354298318497658,415,215,205,14241
4620064.00,CT,Montréal,0.240380896796525,1102,539,495,14492
4620065.01,CT,Montréal,0.135053155085742,5849,3995,3730,13665
4620065.02,CT,Montréal,0.143989665392399,2716,1741,1645,21509
4620066.01,CT,Montréal,0.195849320484445,2738,1627,1480,20378
4620066.02,CT,Montréal,0.151755569982052,2003,1356,1315,12501
4620067.00,CT,Montréal,0.177741912586212,1837,848,845,21895
4620068.00,CT,Montréal,0.184218381646127,1959,677,680,13073
4620069.00,CT,Montréal,0.69897969168222,1780,942,910,48370
4620070.00,CT,Montréal,0.606279621534586,261,164,155,18725
4620071.00,CT,Montréal,0.408327656950474,0,0,0,x
4620072.00,CT,Montréal,2.54201934012449,3622,1671,1665,15614
4620073.00,CT,Montréal,0.312215003305197,1030,501,490,14522
4620074.00,CT,Montréal,0.405372114751339,3653,1609,1600,17881
4620075.00,CT,Montréal,0.316569243147254,2587,1197,1190,16887
4620076.00,CT,Montréal,0.352702368203878,2203,1001,995,15006
4620077.00,CT,Montréal,0.419876353664637,2282,983,975,21328
4620078.00,CT,Montréal,0.387783251746178,3076,1591,1560,29810
4620079.00,CT,Montréal,0.610172436675519,4037,1784,1775,16265
4620080.00,CT,Montréal,0.0862308626600504,821,420,410,33185
4620081.00,CT,Montréal,0.259764508722365,2339,1184,1175,22435
4620082.00,CT,Montréal,0.318088250000715,2031,903,900,17099
4620083.00,CT,Montréal,0.4252976975739,3107,1445,1435,19088
4620084.00,CT,Montréal,0.366955185647249,1653,727,720,17396
4620085.00,CT,Montréal,1.17920761924791,684,293,295,23784
4620086.00,CT,Montréal,0.493363717717469,4000,1979,1970,28070
4620087.00,CT,Montréal,0.262805662654161,2997,1288,1285,21105
4620088.00,CT,Montréal,0.336420448396921,3717,1790,1790,23516
4620089.00,CT,Montréal,0.478846144271493,4913,2322,2320,26488
4620090.00,CT,Montréal,0.430309733220458,4361,2104,2090,26214
4620091.00,CT,Montréal,0.992320927332401,0,0,0,x
4620092.00,CT,Montréal,0.571303569491386,6398,2712,2705,27385
4620093.00,CT,Montréal,0.739935753581524,3127,1394,1390,24018
4620094.01,CT,Montréal,1.75179177959979,5487,2613,2585,20146
4620094.02,CT,Montréal,1.89216311835358,0,0,0,x
4620095.00,CT,Montréal,0.220156058157593,1862,1068,1045,19531
4620096.00,CT,Montréal,0.194412605024368,2204,994,980,35360
4620097.01,CT,Montréal,0.361535922790065,5743,3086,3060,20268
4620097.02,CT,Montréal,0.40366668035619,3149,1854,1815,21882
4620098.00,CT,Montréal,1.01962676357049,5431,2162,2155,38848
4620099.00,CT,Montréal,0.671372237789392,4280,2123,2095,32290
4620100.00,CT,Montréal,0.818570815864146,6977,3209,3190,27281
4620101.01,CT,Montréal,0.358123040597439,4168,1857,1850,27253
4620101.02,CT,Montréal,0.355816413101494,3723,1523,1515,20290
4620102.00,CT,Montréal,0.580458358488798,4131,1991,1975,39723
4620103.00,CT,Montréal,0.336842415596366,2359,998,990,51182
4620104.00,CT,Montréal,0.384099918077528,2814,1106,1095,57740
4620105.00,CT,Montréal,0.295441812003851,3381,1578,1560,52052
4620106.00,CT,Montréal,0.225153798438072,1916,879,870,39729
4620107.00,CT,Montréal,0.162546567330644,1404,729,715,15256
4620108.00,CT,Montréal,0.5510677968961,3952,1614,1600,47519
4620109.00,CT,Montréal,0.18047504370302,1983,993,985,30256
4620110.00,CT,Montréal,0.233994742555961,3558,1936,1920,25369
4620111.00,CT,Montréal,0.738642523047388,6419,2785,2770,28684
4620112.01,CT,Montréal,0.498935325160742,5039,1746,1745,19448
4620112.02,CT,Montréal,0.279401921683192,4165,1970,1965,14643
4620113.00,CT,Montréal,0.509975520045429,5114,2137,2115,28602
4620114.00,CT,Montréal,0.274747647948265,2034,902,885,41537
4620115.01,CT,Montréal,0.211688312071085,2036,886,865,51024
4620115.02,CT,Montréal,0.413999311341822,5696,3630,3515,31345
4620116.00,CT,Montréal,0.644812526592433,6903,2987,2935,20499
4620117.00,CT,Montréal,0.276069781057239,4632,1457,1450,22555
4620118.00,CT,Montréal,0.301250505224228,4357,1509,1500,25271
4620119.00,CT,Montréal,0.418728248692751,6183,2267,2265,18304
4620120.00,CT,Montréal,3.07931636273926,3685,1636,1625,24882
4620121.00,CT,Montréal,0.395864897950888,1389,572,570,62177
4620122.00,CT,Montréal,0.663782900927901,6936,2881,2845,16737
4620123.00,CT,Montréal,0.409754568500966,6442,3203,3100,20172
4620124.00,CT,Montréal,0.37782869508183,5552,2545,2495,17335
4620125.00,CT,Montréal,0.45885123535192,6334,2724,2670,38472
4620126.00,CT,Montréal,0.775996554021835,2167,1033,890,29106
4620127.01,CT,Montréal,0.48910970280239,5325,3414,3195,23841
4620127.02,CT,Montréal,1.25333777532434,31,19,0,x
4620128.00,CT,Montréal,3.01668794008872,3578,1876,1770,51418
4620129.01,CT,Montréal,0.278416912243247,3874,2587,2325,40845
4620129.02,CT,Montréal,0.356441627164602,4086,2785,2510,31456
4620130.00,CT,Montréal,0.152232364252746,3348,2551,2165,16143
4620131.00,CT,Montréal,0.102289026767552,3198,2434,2135,17963
4620132.00,CT,Montréal,0.266498854123682,4933,3355,3135,19704
4620133.00,CT,Montréal,0.144677642939985,2483,1475,1400,24034
4620134.00,CT,Montréal,0.0833692586202621,824,499,485,30864
4620135.00,CT,Montréal,0.117088525965929,1735,932,910,30806
4620136.00,CT,Montréal,0.179698501177549,2710,1377,1350,21018
4620137.00,CT,Montréal,0.186323091760635,1293,642,615,25405
4620138.00,CT,Montréal,0.292413986345947,1966,1001,970,24800
4620139.00,CT,Montréal,0.227462310594559,2740,1449,1420,21570
4620140.00,CT,Montréal,0.127528550820112,1453,760,755,38525
4620141.00,CT,Montréal,0.115413430486202,1553,836,820,31716
4620142.00,CT,Montréal,0.106245289783955,1563,911,900,24317
4620143.00,CT,Montréal,0.171505865762234,2355,1511,1485,21317
4620144.00,CT,Montréal,0.179985177348137,3312,2045,1980,25335
4620145.00,CT,Montréal,0.44296694021225,0,0,0,x
4620146.00,CT,Montréal,0.145773961802483,2356,1470,1450,21620
4620147.00,CT,Montréal,0.165800210403442,2623,1537,1525,30383
4620148.00,CT,Montréal,0.143642334650487,1246,456,455,34529
4620149.00,CT,Montréal,0.139064757073879,3264,1891,1865,29983
4620150.00,CT,Montréal,0.164949517510951,2320,1266,1255,21511
4620151.00,CT,Montréal,0.117115040198088,2129,1098,1095,23490
4620152.00,CT,Montréal,0.135771508312464,1550,844,840,27756
4620153.00,CT,Montréal,0.273119220123291,819,450,445,13699
4620154.00,CT,Montréal,0.131588970396996,583,349,345,24448
4620155.00,CT,Montréal,0.106931691399693,1910,1050,1045,26661
4620156.00,CT,Montréal,0.138413165759802,2034,1109,1105,27660
4620157.00,CT,Montréal,0.161962738350391,2045,1097,1090,33934
4620158.00,CT,Montréal,0.144314356456757,1977,1261,1240,23592
4620159.00,CT,Montréal,0.125742110041916,1861,1016,1010,35020
4620160.00,CT,Montréal,0.120758938647747,1613,991,970,21184
4620161.00,CT,Montréal,0.139428926946878,1706,856,855,22094
4620162.00,CT,Montréal,0.0945023336325884,1458,822,810,26715
4620163.00,CT,Montréal,0.204852809429169,3287,1443,1420,32576
4620164.00,CT,Montréal,0.0668577529910803,1548,965,940,29270
4620165.00,CT,Montréal,0.163922072988749,2279,1101,1075,20861
4620166.00,CT,Montréal,0.238714581001878,379,165,165,19542
4620167.00,CT,Montréal,0.201583163191318,2511,1170,1160,23552
4620168.00,CT,Montréal,0.171485763635814,2547,993,985,27604
4620169.00,CT,Montréal,0.146077085088968,2371,1019,1010,34897
4620170.00,CT,Montréal,0.154695995113671,2395,1035,1025,25548
4620171.00,CT,Montréal,0.479672430398345,3875,2019,1985,20171
4620172.00,CT,Montréal,0.194956340799361,1739,1235,1185,13459
4620173.00,CT,Montréal,0.179312162094951,1620,968,950,21074
4620174.00,CT,Montréal,0.233160765410185,1588,910,905,24197
4620175.00,CT,Montréal,0.109103164538383,1609,885,880,30977
4620176.00,CT,Montréal,0.1221287783674,1584,904,900,31592
4620177.00,CT,Montréal,0.096740894656539,1224,696,690,21172
4620178.00,CT,Montréal,0.279383636566341,2438,1369,1345,23061
4620179.00,CT,Montréal,0.504921349275112,3730,2037,2025,17375
4620180.00,CT,Montréal,0.264338123749971,3551,1769,1765,22388
4620181.00,CT,Montréal,0.321601632593274,3814,1860,1855,23632
4620182.00,CT,Montréal,0.138445817242146,2218,1105,1100,19699
4620183.00,CT,Montréal,0.132706546858549,2264,1161,1155,21606
4620184.00,CT,Montréal,0.218297596806362,3024,1476,1470,27687
4620185.00,CT,Montréal,0.390676267185926,5171,2724,2710,25010
4620186.00,CT,Montréal,0.381077082810342,4490,2240,2230,23741
4620187.01,CT,Montréal,0.356573868487358,2444,1216,1205,24431
4620187.02,CT,Montréal,1.13582335028535,6678,3405,3395,29407
4620188.01,CT,Montréal,0.146171203832388,1918,1021,1020,24923
4620188.02,CT,Montréal,0.223758518082857,2184,1219,1205,25255
4620189.00,CT,Montréal,1.54236980366099,0,0,0,x
4620190.01,CT,Montréal,0.455022476946592,3529,1788,1780,35788
4620190.02,CT,Montréal,1.03913121705088,3546,1848,1835,41735
4620191.00,CT,Montréal,1.67203890495129,6239,2955,2920,37288
4620192.00,CT,Montréal,0.780506238813043,2684,880,880,49476
4620193.00,CT,Montréal,0.271986182768241,2005,894,895,38209
4620194.00,CT,Montréal,1.16602968304861,5332,2146,2140,35568
4620195.01,CT,Montréal,0.577672149158359,3750,1649,1640,30952
4620195.02,CT,Montréal,0.60532654706502,5408,2373,2360,32897
4620195.03,CT,Montréal,0.91094082034874,5251,2270,2255,39082
4620196.00,CT,Montréal,0.396430071634531,3818,2053,2045,30358
4620197.00,CT,Montréal,0.625444945632935,4576,2311,2305,27521
4620198.00,CT,Montréal,0.67216073588109,4715,2450,2440,22439
4620199.00,CT,Montréal,0.224401796275467,2274,1210,1200,22739
4620200.00,CT,Montréal,0.31945413523984,3984,2023,2020,22405
4620201.00,CT,Montréal,0.92227026547569,6043,3110,3095,19308
4620202.00,CT,Montréal,0.613643250766993,4160,2270,2245,23661
4620203.00,CT,Montréal,0.23616682048583,2770,1493,1485,24927
4620204.00,CT,Montréal,0.235479371785879,2712,1443,1435,29704
4620205.00,CT,Montréal,0.175704477881432,2145,1166,1155,26435
4620206.00,CT,Montréal,0.230789589156866,2752,1417,1410,31468
4620207.00,CT,Montréal,0.256447383913279,3469,1721,1710,25353
4620208.00,CT,Montréal,0.203281122805119,2556,1274,1270,24800
4620209.00,CT,Montréal,0.668729315569162,5894,2822,2800,22195
4620210.00,CT,Montréal,0.344912620158911,3217,1802,1770,17166
4620211.00,CT,Montréal,0.179370174564123,2348,1219,1205,19097
4620212.00,CT,Montréal,0.194005281973839,2456,1276,1270,21292
4620213.00,CT,Montréal,0.19540987597847,2633,1320,1315,24318
4620214.00,CT,Montréal,0.24969612340489,2619,1311,1295,20293
4620215.00,CT,Montréal,0.23218101025939,2218,1142,1125,20404
4620216.00,CT,Montréal,0.321068405861616,2286,1145,1135,14485
4620217.00,CT,Montréal,0.157338718023598,2777,1307,1305,17149
4620218.00,CT,Montréal,0.276631112968087,3219,1512,1490,17426
4620219.00,CT,Montréal,0.302046089610219,2294,960,955,17553
4620220.00,CT,Montréal,0.396217546152592,5842,2310,2305,13060
4620221.00,CT,Montréal,0.320811865674049,6593,2611,2605,17258
4620222.00,CT,Montréal,0.200058078184009,3954,1475,1470,20228
4620223.01,CT,Montréal,0.147468610260367,4008,1446,1445,17915
4620223.02,CT,Montréal,0.199336426041126,3440,1235,1230,20402
4620224.00,CT,Montréal,0.370219942091465,6033,2256,2255,18925
4620225.00,CT,Montréal,0.661333148151696,1408,639,635,33363
4620226.00,CT,Montréal,0.251070145463705,3188,1549,1535,31366
4620227.00,CT,Montréal,0.118079789970875,1591,779,775,28690
4620228.00,CT,Montréal,0.114997091740131,1656,776,775,25333
4620229.00,CT,Montréal,0.479547134163857,0,0,0,x
4620230.00,CT,Montréal,0.113318871799827,1988,958,955,30223
4620231.00,CT,Montréal,0.10528503519845,1862,847,830,25902
4620232.00,CT,Montréal,0.372827933798552,2768,1282,1270,24519
4620233.00,CT,Montréal,0.109870756498933,2024,980,965,20818
4620234.00,CT,Montréal,0.147744983244181,2358,1159,1150,15850
4620235.00,CT,Montréal,0.116384839806318,1924,973,965,23803
4620236.00,CT,Montréal,0.110691498176157,1712,898,895,20243
4620237.00,CT,Montréal,0.226597161786437,3289,1558,1545,30412
4620238.00,CT,Montréal,0.16582126320672,2338,1225,1215,24063
4620239.00,CT,Montréal,0.551229982364893,4482,2423,2400,19849
4620240.00,CT,Montréal,0.295702020187825,2962,1374,1370,19411
4620241.00,CT,Montréal,0.208065698591352,2910,1303,1300,19752
4620242.00,CT,Montréal,0.37027475667882,6410,2944,2935,22332
4620243.00,CT,Montréal,0.252027496123314,4116,1747,1735,21333
4620244.00,CT,Montréal,0.177588548088551,2213,1059,1050,24064
4620245.00,CT,Montréal,0.215827912519693,2667,1405,1390,18799
4620247.00,CT,Montréal,0.196774813709497,2321,1157,1145,28141
4620249.00,CT,Montréal,0.528332594452858,4347,2074,2065,25222
4620250.00,CT,Montréal,0.448509078077853,3855,1773,1770,23092
4620251.01,CT,Montréal,0.459324114047289,3404,1475,1470,22636
4620251.02,CT,Montréal,0.250569075421631,2610,1131,1130,19067
4620252.00,CT,Montréal,0.32956085303092,4853,2152,2150,20351
4620253.00,CT,Montréal,0.458777684243679,2802,1100,1095,24401
4620254.00,CT,Montréal,0.682954266679943,3609,1611,1605,27468
4620256.00,CT,Montréal,1.85974599678957,3715,1336,1335,24381
4620257.00,CT,Montréal,1.33717448326898,4562,1610,1610,23721
4620258.00,CT,Montréal,0.405111502635002,4597,1610,1610,22450
4620259.00,CT,Montréal,0.35869678400749,5797,2147,2145,21659
4620260.00,CT,Montréal,0.530428423488617,2255,815,815,21595
4620261.00,CT,Montréal,0.621945840236068,2726,1022,1020,24437
4620262.00,CT,Montréal,0.740958499219418,4748,1592,1595,26006
4620263.00,CT,Montréal,0.752581206929326,4047,1593,1590,26770
4620264.01,CT,Montréal,1.19900969840236,5577,2464,2415,42846
4620264.02,CT,Montréal,0.882783339998484,4522,2216,2180,45423
4620265.00,CT,Montréal,0.4862253720963,4421,2192,2100,30288
4620266.00,CT,Montréal,0.77073939357537,3190,1587,1570,23317
4620267.00,CT,Montréal,1.12868598604104,6177,2424,2415,26569
4620268.01,CT,Montréal,0.571951299706459,5519,2803,2785,31587
4620268.02,CT,Montréal,0.347880587828875,3772,1523,1520,23340
4620268.03,CT,Montréal,1.31236672027832,0,0,0,x
4620269.00,CT,Montréal,0.784301980850577,3974,1907,1895,21961
4620270.00,CT,Montréal,0.68843459464325,4073,2093,2065,29601
4620271.00,CT,Montréal,0.488970687809899,3095,1455,1450,37405
4620272.00,CT,Montréal,0.487240392826796,3601,1799,1785,26544
4620273.00,CT,Montréal,0.576070901223421,4395,2021,2015,30274
4620274.00,CT,Montréal,0.484975547013283,3039,1346,1345,29314
4620275.00,CT,Montréal,0.61474957160008,4008,1957,1950,30837
4620276.00,CT,Montréal,0.837948423409134,4776,2392,2375,27564
4620277.00,CT,Montréal,0.533391322396517,4107,1865,1850,23980
4620278.00,CT,Montréal,0.589208862763405,4257,2113,2095,29809
4620279.00,CT,Montréal,0.938618074203134,4130,1989,1980,31585
4620280.00,CT,Montréal,0.607203736150265,4267,2100,2090,30606
4620281.00,CT,Montréal,1.07248976186627,3616,1531,1525,42584
4620282.00,CT,Montréal,1.32266369951218,6148,2519,2505,31280
4620283.01,CT,Montréal,0.61197765934515,3832,1370,1365,39967
4620283.02,CT,Montréal,0.462576376961768,3047,1197,1195,29403
4620284.00,CT,Montréal,0.581777503265858,3370,1519,1510,33618
4620285.00,CT,Montréal,1.50496975123185,6737,2277,2265,31330
4620286.00,CT,Montréal,0.804124913006783,4808,1930,1925,25258
4620287.01,CT,Montréal,0.534883573700666,5384,2583,2565,18132
4620287.02,CT,Montréal,1.05197016595274,4247,1563,1555,40372
4620288.00,CT,Montréal,1.85887607417346,1372,566,565,49950
4620290.01,CT,Montréal,1.19205281431842,1998,737,735,40262
4620290.02,CT,Montréal,1.71387176978374,5927,1922,1920,40440
4620290.03,CT,Montréal,0.636292107839227,3990,1474,1470,37042
4620290.04,CT,Montréal,2.82730334756088,6138,2026,2025,42150
4620290.05,CT,Montréal,2.22746406657612,5331,1994,1990,33837
4620290.06,CT,Montréal,0.965324151491702,6232,1887,1885,39009
4620290.07,CT,Montréal,0.567927473604321,2942,1016,1015,30288
4620290.08,CT,Montréal,1.09610061768526,4260,1384,1385,45809
4620290.09,CT,Montréal,1.14389416341972,5365,1709,1705,41819
4620291.00,CT,Montréal,10.9733136139534,8669,2636,2630,46722
4620300.00,CT,Verdun,0.507866567334466,2190,1108,1105,15059
4620301.00,CT,Verdun,0.428104333141744,4689,2328,2325,22012
4620302.00,CT,Verdun,0.201752597672582,2812,1387,1385,17374
4620303.00,CT,Verdun,0.258390389171317,2052,1039,1035,17480
4620304.00,CT,Verdun,0.280582434740141,2578,1400,1395,18644
4620305.00,CT,Verdun,0.350833707936645,3365,1745,1740,20441
4620306.00,CT,Verdun,0.223334860283613,3037,1456,1450,21400
4620307.00,CT,Verdun,0.175130748522758,3263,1497,1490,18074
4620308.00,CT,Verdun,0.178896622633457,2773,1293,1285,18797
4620309.00,CT,Verdun,0.191417393148333,1254,588,585,27466
4620310.00,CT,Verdun,0.45703208581388,3567,1639,1635,27055
4620311.00,CT,Verdun,0.348399508601666,4091,1966,1960,19511
4620312.00,CT,Verdun,0.293369090765476,3316,1607,1605,25675
4620313.00,CT,Verdun,0.359682903577983,3363,1509,1500,32436
4620314.00,CT,Verdun,0.259966912288547,2687,1209,1205,35523
4620315.00,CT,Verdun,0.816580545731544,425,3,0,N
4620316.00,CT,Verdun,0.606028420499753,2066,819,820,45278
4620317.01,CT,Verdun,2.43579023782758,6465,3494,3410,55841
4620317.02,CT,Verdun,1.18376664613764,5721,2977,2880,62871
4620320.00,CT,LaSalle,0.678128361858725,4658,2136,2130,33918
4620321.00,CT,LaSalle,0.943088759429157,2889,1346,1345,26788
4620322.01,CT,LaSalle,1.19870486056767,7778,3791,3785,32732
4620322.02,CT,LaSalle,0.772556311733253,3816,1623,1620,37965
4620323.00,CT,LaSalle,0.564950020044327,3210,1331,1325,34011
4620324.01,CT,LaSalle,0.687825721307278,4288,1783,1775,39313
4620324.02,CT,LaSalle,0.651625630245924,2728,1044,1040,30165
4620325.01,CT,LaSalle,0.390070285583735,4009,1451,1450,37228
4620325.02,CT,LaSalle,0.99319974475944,5910,2437,2430,30912
4620325.03,CT,LaSalle,0.480448220082283,3759,1449,1445,34626
4620325.04,CT,LaSalle,1.77649907556531,7287,3012,2980,43485
4620326.01,CT,LaSalle,2.48884310944509,3006,1155,1145,37187
4620326.02,CT,LaSalle,1.08343660767918,3604,1596,1590,29669
4620326.03,CT,LaSalle,1.30577045252419,4805,1840,1835,33241
4620327.00,CT,LaSalle,1.1250335035131,4783,2054,2045,33328
4620328.00,CT,LaSalle,0.474468086218834,1967,789,790,17859
4620329.00,CT,LaSalle,0.708992194024917,3532,1613,1600,31255
4620330.00,CT,Saint-Pierre,1.97681631016362,4739,2034,2025,24761
4620340.00,CT,Montréal-Ouest,1.49273841573089,5254,1839,1830,68842
4620350.00,CT,Westmount,0.547589291355968,2439,1238,1215,33424
4620351.00,CT,Westmount,0.466422580114484,5159,2937,2790,53322
4620352.00,CT,Westmount,0.474720311685801,2844,1277,1245,54207
4620353.00,CT,Westmount,0.417876587237716,3003,1209,1185,82362
4620354.00,CT,Westmount,0.825036301862866,3310,1023,1005,147458
4620355.00,CT,Westmount,0.311167006898642,1471,618,600,86970
4620356.00,CT,Westmount,0.979053538538098,2194,698,685,194331
4620360.00,CT,Outremont,1.45293646322745,2307,607,590,114785
4620361.00,CT,Outremont,0.126409491019785,1481,810,760,35330
4620362.00,CT,Outremont,0.554683433218956,2593,895,880,70577
4620363.00,CT,Outremont,0.364818043820053,4751,1960,1930,48990
4620364.00,CT,Outremont,0.223555643155992,2497,965,955,36651
4620365.00,CT,Outremont,0.24346756703347,2549,1126,1110,45445
4620366.00,CT,Outremont,0.333651413181245,2562,1055,1040,61722
4620367.00,CT,Outremont,0.559116110085964,3831,1834,1825,41846
4620370.00,CT,Hampstead,1.80154808651495,6986,2536,2525,75078
4620380.00,CT,Côte-Saint-Luc,0.792465665476903,4117,1809,1810,36199
4620381.00,CT,Côte-Saint-Luc,0.588669339923382,5335,2698,2690,22835
4620382.01,CT,Côte-Saint-Luc,0.572235183480382,3709,1622,1615,40256
4620382.02,CT,Côte-Saint-Luc,1.57700592108613,4392,1520,1515,51546
4620383.01,CT,Côte-Saint-Luc,1.60985196414208,3528,1069,1065,46281
4620383.02,CT,Côte-Saint-Luc,1.49195155649924,6820,3296,3285,38864
4620385.00,CT,Côte-Saint-Luc,0.0377588823711872,1464,969,965,38411
4620390.00,CT,Lachine,1.06170267997572,1353,600,600,27251
4620391.00,CT,Lachine,0.276815361192077,1856,815,805,23753
4620392.00,CT,Lachine,0.403412019009467,1336,587,595,25928
4620393.00,CT,Lachine,1.05181848517087,5124,2220,2215,29116
4620394.00,CT,Lachine,1.34609895746408,3667,1638,1635,27266
4620395.01,CT,Lachine,7.58942909223592,2544,1086,1085,14486
4620395.02,CT,Lachine,0.67368094552476,5774,2474,2465,28656
4620395.03,CT,Lachine,0.594156382492065,4160,2075,2060,36345
4620396.00,CT,Lachine,1.47992596903008,5522,2442,2435,39817
4620397.00,CT,Lachine,1.18648843001056,3835,1410,1410,56681
4620400.00,CT,Mont-Royal,1.37734020633613,4251,1600,1585,61894
4620401.00,CT,Mont-Royal,0.962809485287547,2993,1269,1255,62661
4620402.00,CT,Mont-Royal,2.54138517725456,1141,464,460,46367
4620403.00,CT,Mont-Royal,1.36298351362823,4964,1833,1815,70598
4620404.00,CT,Mont-Royal,1.51513409616236,4933,1733,1725,76398
4620410.01,CT,Saint-Laurent,0.846585895279437,5034,2033,2020,39605
4620410.02,CT,Saint-Laurent,0.790403990023851,4838,2376,2350,34647
4620410.03,CT,Saint-Laurent,2.15816195372832,1701,554,555,36043
4620412.00,CT,Saint-Laurent,1.49366396434307,5140,1881,1875,45469
4620413.00,CT,Saint-Laurent,1.63981881605196,7106,2494,2490,45182
4620415.01,CT,Saint-Laurent,28.7448291272378,1165,464,455,62259
4620415.02,CT,Saint-Laurent,0.746729559266329,8739,3897,3880,32681
4620416.00,CT,Saint-Laurent,1.90100280548143,7635,2514,2510,44154
4620417.01,CT,Saint-Laurent,0.63931792261076,3849,1415,1410,34001
4620417.02,CT,Saint-Laurent,0.377555563120693,2547,753,755,21306
4620418.00,CT,Saint-Laurent,1.2829826617015,5192,2191,2160,32365
4620419.00,CT,Saint-Laurent,0.375604461437047,4542,1679,1675,22438
4620420.00,CT,Saint-Laurent,0.801722037483335,4485,1650,1645,41838
4620421.00,CT,Saint-Laurent,0.839035426233411,12267,5463,5440,23121
4620430.00,CT,Dorval,2.01904666161437,5325,2593,2545,35088
4620431.00,CT,Dorval,2.21247598552775,5445,2362,2290,44409
4620432.00,CT,Dorval,1.31862176762843,3245,1218,1210,54205
4620433.00,CT,Dorval,15.5697957404123,3557,1361,1360,46243
4620440.00,CT,L'Île-Dorval,0.209607308328748,2,1,0,x
4620450.00,CT,Pointe-Claire,3.8129900619781,7144,3051,3010,52704
4620451.00,CT,Pointe-Claire,3.34341742218781,6410,2385,2380,52580
4620452.00,CT,Pointe-Claire,3.14667394826838,6399,2670,2620,49872
4620453.01,CT,Pointe-Claire,1.9953099692018,5296,1822,1820,56025
4620453.02,CT,Pointe-Claire,6.66187488328463,3186,1105,1100,54887
4620460.00,CT,Beaconsfield,3.6478378246851,5414,1823,1810,79665
4620461.00,CT,Beaconsfield,1.82872951772928,2934,1033,1030,61696
4620462.01,CT,Beaconsfield,2.3771247667141,5364,1846,1835,70281
4620462.02,CT,Beaconsfield,3.16542060942733,5702,1756,1735,94627
4620470.01,CT,Kirkland,3.48752700691771,6849,2369,2355,65670
4620470.02,CT,Kirkland,3.66925995982969,8109,2259,2255,79743
4620470.03,CT,Kirkland,2.39848872351818,3720,1059,1055,81987
4620480.00,CT,Baie-d'Urfé,6.00819483014226,3774,1326,1315,80407
4620490.00,CT,Sainte-Anne-de-Bellevue,0.72125724267194,2292,1218,1150,30258
4620491.00,CT,Sainte-Anne-de-Bellevue,10.0260549792156,2408,638,605,63156
4620500.00,CT,Senneville,7.28128883550534,906,355,350,75643
4620510.00,CT,Pierrefonds,0.743889919441462,2853,1003,1000,35234
4620511.00,CT,Pierrefonds,2.31075703391242,5893,2136,2130,36537
4620512.01,CT,Pierrefonds,2.49190801654386,7705,3096,3085,42931
4620512.02,CT,Pierrefonds,1.51098791674876,4302,1624,1615,49062
4620513.00,CT,Pierrefonds,2.34546628250223,8183,3069,3055,38711
4620514.01,CT,Pierrefonds,2.02164127437627,5573,1900,1895,52218
4620514.02,CT,Pierrefonds,1.92405385514335,5485,1848,1850,55549
4620515.00,CT,Pierrefonds,11.7680369612167,12992,4425,4415,52180
4620520.01,CT,Dollard-des-Ormeaux,2.54415850704658,8687,3005,2995,40095
4620520.02,CT,Dollard-des-Ormeaux,1.75146108350337,7300,2287,2280,46238
4620521.01,CT,Dollard-des-Ormeaux,0.850103082973063,4776,1587,1580,46268
4620521.02,CT,Dollard-des-Ormeaux,2.76003023358202,8124,2464,2455,64515
4620521.03,CT,Dollard-des-Ormeaux,4.07375892142488,8454,2364,2360,69976
4620522.01,CT,Dollard-des-Ormeaux,1.30556586520505,4123,1322,1320,64198
4620522.02,CT,Dollard-des-Ormeaux,1.00615292344487,3707,1232,1225,61491
4620523.00,CT,Dollard-des-Ormeaux,0.789229766906738,2655,804,810,62573
4620530.00,CT,Roxboro,2.25486515976691,5950,2058,2060,48042
4620540.00,CT,Sainte-Geneviève,0.891997968853295,3339,1471,1465,28767
4620550.01,CT,L'Île-Bizard,9.55492638678217,10222,3311,3305,63948
4620550.02,CT,L'Île-Bizard,13.6517466085808,2816,1002,1000,51680
4620570.00,CT,Montréal-Est,12.4258735843586,3523,1457,1455,33305
4620580.01,CT,Montréal,1.31583261812973,4029,1561,1560,40139
4620580.02,CT,Montréal,0.75159347367996,1085,433,430,49049
4620580.03,CT,Montréal,1.13921152372399,4353,1465,1465,52980
4620581.01,CT,Montréal,1.32055116336495,6035,1954,1950,46847
4620581.02,CT,Montréal,0.680646309994161,3836,1461,1460,40405
4620582.01,CT,Montréal,1.25769460050344,7151,2991,2985,38923
4620582.02,CT,Montréal,1.252969576563,6351,2475,2475,35978
4620583.00,CT,Montréal,0.77285926829493,3443,1276,1275,33594
4620584.00,CT,Montréal,1.65324483650726,7384,3082,3070,34077
4620585.01,CT,Montréal,3.46040684654671,1450,552,550,56238
4620585.02,CT,Montréal,5.55304945629997,3643,1494,1495,38372
4620590.01,CT,Anjou,1.45959143640441,5237,2038,2035,40304
4620590.02,CT,Anjou,0.309206736766517,3032,1337,1330,28952
4620591.01,CT,Anjou,0.510010839186668,2639,1068,1065,52957
4620591.02,CT,Anjou,0.68166194997263,3889,1610,1610,40052
4620592.00,CT,Anjou,0.946872009981215,6773,3017,3010,33967
4620593.00,CT,Anjou,1.5228138738122,6249,3040,3015,36485
4620594.01,CT,Anjou,0.398794483152091,3066,1366,1360,28362
4620594.02,CT,Anjou,7.83631268913388,6423,2887,2880,42406
4620600.01,CT,Saint-Léonard,0.777218888439238,3922,1576,1575,34638
4620600.02,CT,Saint-Léonard,0.41599586375457,3621,1656,1650,26141
4620600.03,CT,Saint-Léonard,0.722859150835335,4990,1915,1910,30338
4620601.01,CT,Saint-Léonard,0.296128070075989,3129,1286,1285,38718
4620601.02,CT,Saint-Léonard,0.41586591473189,2894,1368,1365,27366
4620602.01,CT,Saint-Léonard,0.547820430287838,3174,1314,1315,36786
4620602.02,CT,Saint-Léonard,0.599289977721691,2766,1135,1135,26002
4620603.01,CT,Saint-Léonard,0.537542550471663,3838,1638,1630,27371
4620603.02,CT,Saint-Léonard,0.626760811487198,3693,1429,1430,32411
4620603.03,CT,Saint-Léonard,0.356668566889644,3682,1261,1260,24854
4620604.01,CT,Saint-Léonard,0.906681605100393,3290,1153,1155,52527
4620604.02,CT,Saint-Léonard,0.291563818735778,4123,1596,1595,31126
4620604.03,CT,Saint-Léonard,0.492105596636891,3217,1207,1205,34425
4620604.04,CT,Saint-Léonard,0.719538229998112,3846,1410,1410,38828
4620604.05,CT,Saint-Léonard,0.582720570233464,3674,1445,1445,31544
4620605.01,CT,Saint-Léonard,1.33210287348175,3012,1284,1280,31434
4620605.02,CT,Saint-Léonard,0.628878582637072,2011,712,710,46878
4620605.03,CT,Saint-Léonard,0.983768792011976,5324,2171,2170,32012
4620605.04,CT,Saint-Léonard,1.54800673053837,4776,1781,1775,35722
4620605.05,CT,Saint-Léonard,0.562398805744886,2345,891,890,37353
4620610.01,CT,Montréal-Nord,0.966507645827591,4555,1889,1865,25154
4620610.02,CT,Montréal-Nord,0.485650955666423,4751,1794,1790,31283
4620610.03,CT,Montréal-Nord,0.821794748500183,5419,2433,2425,28004
4620610.04,CT,Montréal-Nord,0.198331109193504,3876,1667,1665,20352
4620610.05,CT,Montréal-Nord,0.353222974505544,4520,1818,1810,17140
4620610.06,CT,Montréal-Nord,0.332176618493617,2736,1034,1025,27663
4620610.07,CT,Montréal-Nord,0.508321598408937,4380,2199,2195,16997
4620611.01,CT,Montréal-Nord,0.737351850364506,2723,1120,1120,29158
4620611.02,CT,Montréal-Nord,0.568993658383131,5321,2155,2150,27522
4620612.00,CT,Montréal-Nord,0.777278334238648,3976,1637,1635,28307
4620613.00,CT,Montréal-Nord,1.00615349738047,6769,2729,2725,23995
4620614.00,CT,Montréal-Nord,0.456881519864798,3447,1571,1565,26430
4620615.00,CT,Montréal-Nord,0.56203015942955,5011,2083,2085,27925
4620616.00,CT,Montréal-Nord,0.763683757104754,5868,2364,2360,25781
4620617.01,CT,Montréal-Nord,0.893469243923604,5250,2132,2125,34447
4620617.02,CT,Montréal-Nord,0.663898828363419,3730,1521,1510,32830
4620618.00,CT,Montréal-Nord,0.491342280630648,3247,1510,1505,26975
4620619.00,CT,Montréal-Nord,0.551213662373662,6002,3219,3215,20086
4620625.01,CT,Laval,5.15835704301756,5896,1841,1835,45458
4620625.02,CT,Laval,1.92432796553707,5725,1721,1720,48013
4620626.00,CT,Laval,10.4456957869326,3498,1257,1255,43510
4620627.00,CT,Laval,5.22873741540566,7180,2652,2640,32062
4620628.01,CT,Laval,1.74258489431548,4420,1782,1780,40733
4620628.02,CT,Laval,0.786327594972596,3672,1485,1480,44337
4620629.00,CT,Laval,1.2019334035418,3307,1263,1260,45236
4620630.01,CT,Laval,1.1921482206223,3604,1256,1255,59407
4620630.02,CT,Laval,2.1961812792902,5003,1723,1715,70348
4620631.00,CT,Laval,24.3820428881597,1508,503,500,57041
4620632.01,CT,Laval,1.50899690097249,5120,1892,1890,48861
4620632.02,CT,Laval,1.87456859297329,4777,1767,1760,42021
4620632.03,CT,Laval,4.12174447705096,5387,2071,2065,48867
4620632.04,CT,Laval,1.84638104545307,7174,2803,2795,45978
4620633.00,CT,Laval,1.60246945988941,5333,2339,2335,42629
4620634.00,CT,Laval,0.821080745334953,2958,1215,1210,41119
4620635.00,CT,Laval,1.03204723547065,5486,2569,2570,26931
4620636.00,CT,Laval,2.22730430983502,6277,2478,2470,30340
4620637.01,CT,Laval,1.57583387485808,5420,1838,1840,46295
4620637.02,CT,Laval,1.44196158987606,2735,1362,1355,31278
4620638.01,CT,Laval,0.89206715656364,5604,2486,2475,36343
4620638.02,CT,Laval,0.459513296193063,2088,825,825,40359
4620638.03,CT,Laval,0.673473296002388,4219,1697,1695,29730
4620638.04,CT,Laval,0.824693731003165,6321,2882,2875,21110
4620639.00,CT,Laval,1.33956325729275,3487,1522,1520,32102
4620640.00,CT,Laval,0.805508970833927,3318,1394,1390,36337
4620641.01,CT,Laval,1.31015472162616,7026,3244,3210,34841
4620641.02,CT,Laval,1.35227538421738,2209,805,805,50795
4620642.00,CT,Laval,9.51334448244965,6890,2897,2890,37577
4620643.00,CT,Laval,8.25032437252247,5991,2947,2935,26702
4620644.00,CT,Laval,1.4396679475323,1070,452,450,39876
4620645.00,CT,Laval,1.54498088810873,5187,2685,2685,23710
4620646.01,CT,Laval,0.511750284446239,3222,1307,1300,26155
4620646.02,CT,Laval,0.606111779649735,3398,1343,1330,32509
4620646.03,CT,Laval,0.49392399845016,3343,1573,1560,31651
4620647.01,CT,Laval,0.311681632812068,3036,1818,1800,41587
4620647.02,CT,Laval,1.61632880011213,5991,2482,2470,35926
4620648.00,CT,Laval,1.13132886552423,5187,1830,1830,34304
4620649.01,CT,Laval,1.51547219844294,2870,913,915,41011
4620649.02,CT,Laval,1.3116017467382,5818,1860,1860,37954
4620650.01,CT,Laval,0.757107190309942,4786,1551,1545,36036
4620650.02,CT,Laval,0.717096156375974,3993,1384,1385,29685
4620650.03,CT,Laval,2.69222934760988,5032,1623,1620,43279
4620651.00,CT,Laval,7.357901437015,9856,3144,3145,51304
4620652.01,CT,Laval,3.06133858443129,5304,1786,1785,50087
4620652.02,CT,Laval,11.8453288142818,6414,2264,2240,55956
4620652.03,CT,Laval,3.75518179489565,7348,2477,2475,56804
4620653.00,CT,Laval,0.621233501885891,978,367,365,61396
4620654.00,CT,Laval,1.70343352599922,742,276,270,90963
4620655.01,CT,Laval,1.52654106187413,3870,1428,1425,37141
4620655.02,CT,Laval,2.46263944306108,5763,2010,2000,43735
4620656.01,CT,Laval,6.20956826247266,5695,2046,2040,42892
4620656.02,CT,Laval,5.80997083147088,6231,2150,2150,49347
4620657.01,CT,Laval,1.89849993049312,3467,1279,1275,46238
4620657.02,CT,Laval,1.52562268684673,5778,1988,1985,48760
4620657.03,CT,Laval,1.79228840729058,3723,1087,1085,53871
4620658.01,CT,Laval,1.2504587030555,5064,1678,1675,49142
4620658.02,CT,Laval,0.894781158306867,3581,1145,1145,56002
4620658.03,CT,Laval,5.75183935646666,5993,2086,2080,50868
4620659.01,CT,Laval,4.02189157536003,9968,3707,3705,46127
4620659.02,CT,Laval,3.44029169297504,6031,2281,2275,40378
4620659.03,CT,Laval,8.62845027732474,7774,2645,2645,61365
4620660.01,CT,Laval,2.06833158668041,3509,1089,1085,66482
4620660.02,CT,Laval,1.41157375045791,5439,1913,1910,47882
4620660.03,CT,Laval,2.62219199932814,4972,1609,1605,55340
4620661.01,CT,Laval,5.55774233165123,6855,2306,2305,47268
4620661.02,CT,Laval,20.4084860124042,6866,2322,2315,51313
4620662.00,CT,Laval,28.7895315447036,4606,1559,1555,49738
4620675.00,CT,Repentigny,3.5757206679072,5341,2463,2450,37356
4620676.01,CT,Repentigny,1.50708331050736,3660,1331,1330,54660
4620676.02,CT,Repentigny,1.15207151010501,3217,1101,1095,58708
4620676.03,CT,Repentigny,1.19064052029824,2815,913,915,55766
4620676.04,CT,Repentigny,1.46959475965548,3637,1126,1125,60979
4620677.01,CT,Repentigny,2.31875075206213,6485,2425,2425,42260
4620677.02,CT,Repentigny,2.21537588298798,5788,2339,2335,39645
4620677.03,CT,Repentigny,2.82186353135204,6672,2172,2170,59551
4620677.04,CT,Repentigny,6.19245371145212,10852,3639,3640,57308
4620677.05,CT,Repentigny,1.87585147489309,5357,1607,1605,73012
4620681.00,CT,Saint-Sulpice,35.5395175930628,3307,1147,1135,42884
4620682.01,CT,Le Gardeur,25.1752432988112,14095,4606,4605,53778
4620682.02,CT,Le Gardeur,12.1165347939664,2758,1009,1010,39702
4620683.00,CT,Charlemagne,1.94663538632824,5739,2225,2220,36672
4620684.01,CT,Lachenaie,30.8696047088585,8287,2717,2715,55479
4620684.02,CT,Lachenaie,11.6287283668869,10202,3343,3340,51979
4620685.01,CT,Mascouche,18.4203977028881,13819,4427,4425,49423
4620685.02,CT,Mascouche,56.2527099861231,3671,1267,1260,42492
4620686.00,CT,Mascouche,32.0565186618949,10607,3400,3400,44265
4620687.01,CT,Terrebonne,2.65599193343878,4169,1341,1340,55284
4620687.02,CT,Terrebonne,43.3386888082867,6428,2133,2130,40044
4620687.03,CT,Terrebonne,15.3632183364975,3185,1107,1105,47107
4620687.04,CT,Terrebonne,1.89939803430657,5600,1806,1805,53799
4620687.05,CT,Terrebonne,4.69913744990861,9834,3190,3185,54545
4620688.00,CT,Sainte-Anne-des-Plaines,94.7183404185867,12908,4013,4015,42331
4620689.00,CT,La Plaine,38.3624856239323,14413,4567,4565,42335
4620690.00,CT,Saint-Antoine-de-Lavaltrie,65.170863228611,4385,1535,1530,40765
4620691.00,CT,Lavaltrie,2.52480505394143,5821,1968,1965,39596
4620692.00,CT,L'Assomption,65.1430164241785,5736,1901,1900,47971
4620693.00,CT,L'Assomption,2.20217017369103,5630,2166,2155,30526
4620694.00,CT,Saint-Gérard-Majella,33.3271282514127,4207,1397,1390,45400
4620700.01,CT,Terrebonne,1.27425654743336,5097,2160,2160,29134
4620700.02,CT,Terrebonne,3.30311018089414,7901,3184,3180,37125
4620701.00,CT,Bois-des-Filion,4.22947247809267,7124,2546,2540,40606
4620702.01,CT,Lorraine,2.16921822737801,2170,714,710,62820
4620702.02,CT,Lorraine,3.91230945450985,6706,2032,2035,73185
4620703.01,CT,Rosemère,6.31324636198726,8202,2635,2630,59919
4620703.02,CT,Rosemère,4.46542073811251,3823,1391,1385,57335
4620704.01,CT,Boisbriand,1.82291867376129,4861,2014,2015,29450
4620704.02,CT,Boisbriand,9.25790487017898,12973,4246,4245,56535
4620704.03,CT,Boisbriand,17.0780507890995,7393,2364,2360,50766
4620705.00,CT,Sainte-Thérèse,3.55233790283966,8099,3067,3065,52195
4620706.00,CT,Sainte-Thérèse,1.38383923282146,3149,1563,1560,26667
4620707.00,CT,Sainte-Thérèse,1.85869970867419,4213,1952,1925,22083
4620708.00,CT,Sainte-Thérèse,2.76031139706206,8016,3265,3245,36729
4620709.00,CT,Blainville,6.02281551426747,8758,3106,3100,45307
4620710.00,CT,Blainville,49.3250621790969,20845,7012,7005,53923
4620725.01,CT,Saint-Eustache,4.14941363471278,7622,2538,2535,48663
4620725.02,CT,Saint-Eustache,58.9567398596417,10033,3223,3220,53356
4620726.01,CT,Saint-Eustache,1.77452186705053,6916,2584,2580,37275
4620726.02,CT,Saint-Eustache,2.18185200990748,7757,2846,2840,40476
4620727.00,CT,Saint-Eustache,2.6194410570634,7520,3188,3180,29187
4620728.00,CT,Deux-Montagnes,4.61201625184608,12143,4237,4230,45957
4620729.00,CT,Deux-Montagnes,1.58221554777184,3810,1542,1525,36212
4620730.00,CT,Sainte-Marthe-sur-le-Lac,9.30358479318792,8295,2935,2910,40246
4620731.00,CT,Pointe-Calumet,5.01106182857537,5443,1976,1975,33349
4620732.00,CT,Oka,111.658702545886,7942,2759,2755,45832
4620733.00,CT,Mirabel,285.556626864852,5520,1978,1940,39485
4620734.00,CT,Mirabel,192.612826343933,9580,3337,3335,42371
4620735.00,CT,Mirabel,62.3212392303008,9068,3252,3250,38871
4620740.00,CT,Gore,191.759329192194,6702,2538,2535,34700
4620750.00,CT,Notre-Dame-de-l'Île-Perrot,35.7941154633429,18214,6821,6795,46173
4620751.01,CT,Pincourt,3.2094065228522,5398,1887,1885,50251
4620751.02,CT,Pincourt,4.45149163262844,4625,1475,1475,55739
4620755.00,CT,Vaudreuil-Dorion,3.53569930785834,5641,2272,2265,41812
4620756.01,CT,Vaudreuil-Dorion,5.02286295631823,7707,2929,2915,45444
4620756.02,CT,Vaudreuil-Dorion,10.7336601480586,678,241,240,50828
4620756.03,CT,Vaudreuil-Dorion,57.8984212712078,6399,2285,2255,51399
4620757.00,CT,Hudson,21.9831868334584,4796,1928,1920,55291
4620758.00,CT,Saint-Lazare,67.4362056378713,11193,3671,3670,59499
4620760.00,CT,Les Cèdres,78.2725469230681,4641,1650,1645,46676
4620775.00,CT,Léry,10.4677244805441,2410,895,890,42114
4620776.00,CT,Beauharnois,20.2194693730752,5723,2362,2355,35679
4620777.00,CT,Beauharnois,48.6914020829498,5804,2224,2220,37199
4620780.00,CT,Saint-Jérôme,1.46027157335563,3613,1542,1540,31779
4620781.00,CT,Saint-Jérôme,2.28039424602646,5067,2688,2645,17482
4620782.00,CT,Saint-Jérôme,2.59787405976629,3101,1422,1420,24673
4620783.00,CT,Saint-Jérôme,5.04823083496833,4472,2059,2050,22372
4620784.00,CT,Saint-Jérôme,1.16160004995251,3815,1859,1850,16744
4620785.00,CT,Saint-Jérôme,3.51941538312316,3848,1722,1710,23453
4620786.00,CT,Saint-Antoine,3.35709213350333,5116,1898,1895,35035
4620787.00,CT,Saint-Antoine,6.5505109369316,5690,2197,2190,40213
4620788.00,CT,Lafontaine,2.17723609405264,4564,1958,1950,30109
4620789.00,CT,Lafontaine,13.2170356191269,4444,1540,1540,42114
4620790.00,CT,Bellefeuille,15.0871855014178,4094,1604,1565,36779
4620791.00,CT,Bellefeuille,4.26121399981962,4937,1719,1715,52542
4620792.00,CT,Bellefeuille,31.680927332305,3772,1331,1325,42022
4620800.00,CT,Châteauguay,5.18973989754319,7712,2861,2860,42384
4620801.00,CT,Châteauguay,2.6248916241675,7288,2631,2630,43304
4620802.00,CT,Châteauguay,5.76830815904588,3793,1340,1340,40145
4620804.00,CT,Châteauguay,12.7545391555,7397,2618,2615,47023
4620805.00,CT,Châteauguay,3.21059776864475,7164,2606,2605,43156
4620806.01,CT,Châteauguay,1.61627231610104,3235,1193,1190,37152
4620806.02,CT,Châteauguay,4.85564396136462,4834,1566,1565,46327
4620807.00,CT,Mercier,46.6580235245284,9059,3068,3065,48873
4620825.01,CT,Brossard,12.7778174362761,6310,2082,2080,52415
4620825.02,CT,Brossard,0.948943865749121,4348,1516,1500,45422
4620825.03,CT,Brossard,1.33013106911087,5412,2169,2165,33313
4620825.04,CT,Brossard,1.75952422324413,5572,1948,1940,43251
4620825.05,CT,Brossard,1.70948031019542,4945,1881,1870,37574
4620826.01,CT,Brossard,2.64506660533881,8192,2679,2675,51328
4620826.02,CT,Brossard,1.69885064839023,5102,1726,1725,58290
4620826.03,CT,Brossard,5.38743152858335,14889,4415,4410,72987
4620826.04,CT,Brossard,16.4182904283106,8589,2960,2955,55479
4620827.01,CT,La Prairie,39.9389796399321,10065,3323,3320,58182
4620827.02,CT,La Prairie,3.30400004182652,7063,3031,3025,35924
4620828.01,CT,Candiac,5.84563599600542,7563,2833,2835,53059
4620828.02,CT,Candiac,11.6089450381902,4242,1287,1285,82861
4620829.00,CT,Delson,7.24683177254349,6703,2298,2295,47417
4620830.00,CT,Sainte-Catherine,10.1572879174375,13724,4854,4850,47083
4620831.01,CT,Saint-Constant,5.87609628742027,14372,4742,4740,52727
4620831.02,CT,Saint-Constant,51.5307865762966,7561,2440,2440,51676
4620832.00,CT,Kahnawake 14,51.3381551943366,0,0,0,x
4620833.00,CT,Saint-Philippe,93.2629041892452,5581,1970,1970,39734
4620834.00,CT,Saint-Isidore,52.3434449111145,2401,823,820,40032
4620850.01,CT,Chambly,4.21873607263511,5637,1837,1840,52443
4620850.02,CT,Chambly,17.6416663589194,9325,3301,3295,47785
4620851.00,CT,4620851.00,3.32392447462058,4754,1960,1960,34227
4620852.01,CT,Carignan,55.0321632183336,4881,1644,1640,51575
4620852.02,CT,Carignan,8.14966319393144,733,284,280,41314
4620853.01,CT,Saint-Basile-le-Grand,16.0205992433864,8015,2582,2580,57015
4620853.02,CT,Saint-Basile-le-Grand,20.013095927763,3756,1356,1355,46573
4620854.01,CT,Saint-Bruno-de-Montarville,2.85588494182406,5623,1860,1855,78852
4620854.02,CT,Saint-Bruno-de-Montarville,20.2736474102496,5999,1940,1930,67191
4620855.01,CT,Saint-Bruno-de-Montarville,7.86358720095084,5384,1789,1785,63234
4620855.02,CT,Saint-Bruno-de-Montarville,12.1366075628634,6708,2719,2705,47236
4620856.00,CT,Saint-Hubert,15.9448852123199,2027,692,685,46190
4620857.01,CT,Saint-Hubert,1.5059383890577,5421,1886,1885,49404
4620857.02,CT,Saint-Hubert,1.17235758587913,4639,1560,1555,38529
4620857.03,CT,Saint-Hubert,11.5482510500252,11773,3826,3825,55862
4620857.04,CT,Saint-Hubert,12.7806719718704,10528,3662,3660,52128
4620857.05,CT,Saint-Hubert,3.22871656301314,7630,2563,2560,51999
4620858.01,CT,Saint-Hubert,1.49691649105006,5062,1649,1645,49393
4620858.02,CT,Saint-Hubert,1.16729939816475,4338,1476,1475,42319
4620858.03,CT,Saint-Hubert,12.7830950482184,7457,2311,2310,57894
4620859.00,CT,Brossard,0.741517078415155,2568,917,935,43486
4620860.01,CT,Greenfield Park,1.68592552145201,6697,2189,2190,51081
4620860.02,CT,Greenfield Park,1.19894918852663,4222,1559,1555,40837
4620861.00,CT,Greenfield Park,1.90825100602186,6418,2939,2925,29466
4620862.00,CT,Saint-Lambert,2.24883799516552,6972,3435,3435,50787
4620863.01,CT,Saint-Lambert,1.42012524360381,3595,1543,1540,55694
4620863.02,CT,Saint-Lambert,1.90706148834035,5024,2642,2630,31122
4620864.00,CT,Saint-Lambert,2.00347946972013,5380,2152,2145,59938
4620865.00,CT,LeMoyne,0.43437184858048,1771,865,860,25251
4620866.00,CT,LeMoyne,0.464825983772993,3281,1639,1630,24080
4620867.00,CT,Saint-Hubert,1.50294672025466,6161,2752,2745,30184
4620868.01,CT,Saint-Hubert,1.56323970743722,6213,2095,2095,44523
4620868.02,CT,Saint-Hubert,1.19916629090451,5793,2269,2265,28301
4620869.00,CT,Longueuil,1.05574449812984,3398,1225,1225,46039
4620870.01,CT,Longueuil,1.04004258069497,4144,1548,1545,32108
4620870.02,CT,Longueuil,0.600686599244282,2358,998,990,36834
4620871.01,CT,Longueuil,0.734933014745235,4043,1740,1740,29951
4620871.02,CT,Longueuil,0.474192847533047,2204,795,785,45084
4620872.00,CT,Longueuil,1.744079539572,6585,2696,2690,30350
4620873.01,CT,Longueuil,0.422247165277302,4547,1853,1850,24633
4620873.02,CT,Longueuil,0.658203132591546,4734,2066,2055,23571
4620874.00,CT,Longueuil,0.851958653327763,5148,2132,2125,25341
4620875.00,CT,Longueuil,0.725282517229915,5045,2417,2395,24275
4620876.01,CT,Longueuil,0.743943200948715,3821,1523,1520,23585
4620876.02,CT,Longueuil,7.22117605637109,11637,3972,3965,55997
4620876.03,CT,Longueuil,1.93801204107501,7194,2612,2600,44076
4620877.00,CT,Longueuil,6.69723981714642,9732,3823,3810,46600
4620878.00,CT,Longueuil,1.06909737473816,5350,2496,2475,24430
4620879.01,CT,Longueuil,0.622921775819242,3155,1511,1510,26889
4620879.02,CT,Longueuil,0.771353926147819,3974,1939,1920,36286
4620880.00,CT,Longueuil,0.905415118672162,4118,1994,1985,31172
4620881.01,CT,Longueuil,0.550732261947244,3577,1657,1650,28471
4620881.02,CT,Longueuil,0.624522045044795,3774,1758,1750,26255
4620882.00,CT,Longueuil,0.733989190719247,2736,1286,1285,26864
4620883.00,CT,Longueuil,0.975552281977832,2435,1200,1190,31843
4620884.01,CT,Longueuil,0.714260937719822,2971,1553,1515,36015
4620884.02,CT,Longueuil,1.8548237756846,7195,4141,4115,26975
4620885.00,CT,Longueuil,1.57686353848141,3781,1796,1755,33544
4620886.00,CT,Longueuil,8.79800463266337,10321,4157,4150,48664
4620887.01,CT,Boucherville,14.3805195319722,9736,3596,3590,59365
4620887.02,CT,Boucherville,13.7433627581276,7499,2497,2490,71365
4620888.00,CT,Boucherville,34.7241882133331,7170,2201,2200,75961
4620889.01,CT,Boucherville,1.39962049948376,2881,1204,1200,33903
4620889.02,CT,Boucherville,4.02659272179222,2930,1056,1055,54959
4620889.03,CT,Boucherville,3.4227912786842,4773,1797,1795,55292
4620900.00,CT,Beloeil,2.18724152997255,4939,1955,1945,42471
4620901.01,CT,Beloeil,2.43808802083689,4725,1866,1865,38272
4620901.02,CT,Beloeil,1.59391293962544,4873,1675,1670,51164
4620901.03,CT,Beloeil,17.9769829383669,4757,1462,1465,63874
4620902.00,CT,McMasterville,3.09876395628852,3813,1352,1350,46096
4620903.01,CT,Sainte-Julie,21.4901040214683,7445,2701,2690,55550
4620903.02,CT,Sainte-Julie,8.48094645096537,12653,4137,4135,56277
4620903.03,CT,Saint-Amable,96.7924388570014,13180,4300,4300,45450
4620904.01,CT,Varennes,75.4972525195287,15166,4948,4945,61010
4620904.02,CT,Varennes,16.7070921941658,3676,1496,1485,40551
4620926.00,CT,Richelieu,82.3672576990449,8725,3172,3165,40180
4620929.00,CT,Otterburn Park,5.37581332566771,7320,2591,2585,49605
4620930.01,CT,Mont-Saint-Hilaire,28.6843712789556,7852,2890,2890,56741
4620930.02,CT,Mont-Saint-Hilaire,15.862223256338,5212,1993,1990,45460
