GeoUID,Type,Region Name,Area (sq km),Population ,Dwellings ,Households ,NHS Non Return Rate,"v_CA11N_2281: Number of owner households in non-farm, non-reserve private dwellings","v_CA11N_2288: Number of tenant households in non-farm, non-reserve private dwellings"
4620001.00,CT,Montréal,0.4583,2608,1398,1319,0.23800000000000002,620.0,705.0
4620002.00,CT,Montréal,0.38654,3039,1645,1549,0.09699999999999999,525.0,1025.0
4620003.00,CT,Montréal,0.7392,6238,3030,2870,0.113,1255.0,1615.0
4620004.00,CT,Montréal,0.45157,3261,1698,1615,0.223,615.0,995.0
4620005.00,CT,Montréal,0.56195,3163,1718,1632,0.19899999999999998,660.0,965.0
4620006.00,CT,Montréal,0.64759,4458,2124,2018,0.23600000000000002,535.0,1485.0
4620007.00,CT,Montréal,1.09935,5722,2936,2815,0.14800000000000002,1390.0,1425.0
4620008.00,CT,Montréal,0.62387,2943,1479,1403,0.231,670.0,730.0
4620009.00,CT,Montréal,4.27009,3488,1755,1665,0.268,695.0,965.0
4620010.00,CT,Montréal,0.93219,1428,786,741,0.313,310.0,430.0
4620011.00,CT,Montréal,1.24971,6280,2891,2847,0.174,1415.0,1430.0
4620012.01,CT,Montréal,0.23604,2416,1343,1302,0.37,155.0,1145.0
4620012.02,CT,Montréal,0.39672,4038,2145,2027,0.245,210.0,1815.0
4620013.00,CT,Montréal,1.08429,4824,2898,2717,0.195,940.0,1775.0
4620014.01,CT,Montréal,0.90619,6708,3814,3641,0.249,1295.0,2345.0
4620014.02,CT,Montréal,0.88102,10,9,4,,x,x
4620015.00,CT,Montréal,0.37537,4043,2267,2121,0.242,535.0,1585.0
4620016.00,CT,Montréal,0.51881,2514,1346,1205,0.376,280.0,895.0
4620017.00,CT,Montréal,0.22322,2050,1202,1157,0.35600000000000004,315.0,870.0
4620018.00,CT,Montréal,0.36726,1977,1218,1131,0.325,175.0,955.0
4620019.00,CT,Montréal,0.33668,2388,1425,1332,0.327,265.0,1065.0
4620021.00,CT,Montréal,0.44007,2976,1662,1536,0.402,125.0,1415.0
4620022.00,CT,Montréal,0.16973,1579,879,792,0.32299999999999995,140.0,655.0
4620023.00,CT,Montréal,0.3575,1255,737,683,0.499,135.0,585.0
4620024.00,CT,Montréal,0.27387,2601,1519,1424,0.33,245.0,1140.0
4620025.00,CT,Montréal,0.22474,3079,1612,1490,0.295,365.0,1120.0
4620026.00,CT,Montréal,0.1729,2300,1472,1362,0.342,380.0,985.0
4620027.00,CT,Montréal,0.09487,1620,971,892,0.384,180.0,715.0
4620028.00,CT,Montréal,0.15496,1974,1178,1088,0.34,140.0,945.0
4620029.00,CT,Montréal,0.39757,3721,2093,1988,0.321,360.0,1630.0
4620030.00,CT,Montréal,0.29932,3191,1939,1802,0.308,335.0,1465.0
4620031.00,CT,Montréal,0.25231,2619,1591,1487,0.267,340.0,1145.0
4620032.00,CT,Montréal,0.12693,1524,980,932,0.302,165.0,770.0
4620033.00,CT,Montréal,0.15745,1703,1012,941,0.282,200.0,740.0
4620034.00,CT,Montréal,0.2168,2519,1351,1275,0.376,370.0,910.0
4620035.00,CT,Montréal,0.18204,2000,1202,1144,0.324,100.0,1045.0
4620036.00,CT,Montréal,0.18516,2033,1260,1169,0.29100000000000004,230.0,935.0
4620037.00,CT,Montréal,0.50782,2996,1953,1877,0.17,285.0,1590.0
4620038.00,CT,Montréal,0.2152,2016,1037,1002,0.301,220.0,785.0
4620039.00,CT,Montréal,0.47191,1762,971,903,0.336,275.0,605.0
4620040.00,CT,Montréal,2.17548,0,0,0,,x,x
4620041.00,CT,Montréal,0.26224,1636,1085,982,0.272,155.0,825.0
4620042.00,CT,Montréal,0.10486,900,615,570,0.22899999999999998,180.0,390.0
4620043.00,CT,Montréal,0.34392,954,594,554,0.287,140.0,415.0
4620044.00,CT,Montréal,0.13623,2110,1315,1220,0.284,355.0,860.0
4620045.00,CT,Montréal,0.11753,1462,1021,942,0.297,140.0,800.0
4620046.00,CT,Montréal,0.16039,2013,1259,1184,0.213,290.0,895.0
4620047.00,CT,Montréal,0.11563,717,411,383,0.262,75.0,305.0
4620048.00,CT,Montréal,0.13992,1998,1235,1145,0.368,150.0,995.0
4620049.00,CT,Montréal,0.16404,1319,991,853,0.287,155.0,700.0
4620050.00,CT,Montréal,0.07109,1336,759,727,0.28600000000000003,95.0,630.0
4620051.00,CT,Montréal,0.21677,1349,914,776,0.312,110.0,645.0
4620052.00,CT,Montréal,0.13986,1911,1164,1055,0.205,165.0,890.0
4620053.00,CT,Montréal,0.10278,1008,858,683,0.315,295.0,410.0
4620054.00,CT,Montréal,0.15407,1082,650,573,0.35700000000000004,315.0,310.0
4620055.01,CT,Montréal,0.70994,4531,3312,2697,0.35700000000000004,1415.0,1280.0
4620055.02,CT,Montréal,1.34698,775,534,433,0.32799999999999996,360.0,55.0
4620056.00,CT,Montréal,0.2881,1562,932,772,0.348,130.0,640.0
4620057.00,CT,Montréal,0.14468,1320,766,614,0.424,175.0,450.0
4620058.00,CT,Montréal,0.15227,957,666,616,0.495,105.0,510.0
4620059.00,CT,Montréal,0.20241,1359,943,816,0.341,305.0,515.0
4620060.00,CT,Montréal,0.09016,1645,786,765,0.254,0.0,735.0
4620061.00,CT,Montréal,0.2161,607,446,343,0.35200000000000004,155.0,180.0
4620062.00,CT,Montréal,0.82956,2019,1671,1131,0.41,555.0,575.0
4620063.00,CT,Montréal,0.3618,397,242,195,0.361,0.0,185.0
4620064.00,CT,Montréal,0.23795,1968,1355,1064,0.325,330.0,735.0
4620065.01,CT,Montréal,0.13615,6762,4874,4308,0.281,220.0,4090.0
4620065.02,CT,Montréal,0.14746,2580,1857,1563,0.31,70.0,1495.0
4620066.01,CT,Montréal,0.2207,2778,1913,1562,0.321,295.0,1265.0
4620066.02,CT,Montréal,0.17618,1979,1456,1235,0.252,110.0,1125.0
4620067.00,CT,Montréal,0.15427,1726,881,810,0.261,260.0,550.0
4620068.00,CT,Montréal,0.1749,2128,716,704,0.239,40.0,665.0
4620069.00,CT,Montréal,0.69358,3894,2267,2058,0.3,1345.0,715.0
4620070.00,CT,Montréal,0.62216,2552,2447,1812,0.418,1145.0,670.0
4620071.00,CT,Montréal,0.46711,0,0,0,,x,x
4620072.00,CT,Montréal,2.58256,3513,1935,1773,0.196,465.0,1310.0
4620073.00,CT,Montréal,0.33272,1239,789,702,0.284,170.0,535.0
4620074.00,CT,Montréal,0.39779,3688,1879,1723,0.28,635.0,1090.0
4620075.00,CT,Montréal,0.31256,2746,1464,1353,0.386,240.0,1115.0
4620076.00,CT,Montréal,0.35089,2645,1462,1390,0.35100000000000003,365.0,1025.0
4620077.00,CT,Montréal,0.41852,2364,1073,1004,0.257,285.0,720.0
4620078.00,CT,Montréal,0.38531,3828,2118,1985,0.243,985.0,995.0
4620079.00,CT,Montréal,0.60693,4480,2629,2470,0.217,730.0,1745.0
4620080.00,CT,Montréal,0.09042,825,439,415,0.28600000000000003,130.0,275.0
4620081.00,CT,Montréal,0.26371,2997,1873,1765,0.228,550.0,1230.0
4620082.00,CT,Montréal,0.27322,1954,1066,970,0.315,115.0,855.0
4620083.00,CT,Montréal,0.42818,3248,1840,1689,0.31,440.0,1250.0
4620084.00,CT,Montréal,0.37045,2296,1264,1150,0.27699999999999997,275.0,880.0
4620085.00,CT,Montréal,1.18426,825,401,370,0.312,105.0,260.0
4620086.00,CT,Montréal,0.52302,3935,2193,2092,0.222,670.0,1420.0
4620087.00,CT,Montréal,0.25571,3416,1691,1574,0.406,575.0,1005.0
4620088.00,CT,Montréal,0.33379,3544,1990,1886,0.247,525.0,1360.0
4620089.00,CT,Montréal,0.51392,4937,2551,2443,0.31,870.0,1575.0
4620090.00,CT,Montréal,0.44807,4513,2252,2169,0.302,700.0,1470.0
4620091.00,CT,Montréal,1.06157,0,0,0,,x,x
4620092.00,CT,Montréal,0.56037,5998,2906,2779,0.17,985.0,1790.0
4620093.00,CT,Montréal,0.73459,3161,1637,1514,0.39799999999999996,525.0,980.0
4620094.01,CT,Montréal,1.7813,6120,3278,2984,0.23600000000000002,600.0,2380.0
4620094.02,CT,Montréal,1.88085,10,8,7,,x,x
4620095.00,CT,Montréal,0.22608,2018,1153,1052,0.37799999999999995,205.0,855.0
4620096.00,CT,Montréal,0.1864,2233,1193,1081,0.31,365.0,720.0
4620097.01,CT,Montréal,0.35291,6280,3480,3323,0.287,580.0,2745.0
4620097.02,CT,Montréal,0.39294,3630,2041,1882,0.14400000000000002,185.0,1695.0
4620098.00,CT,Montréal,1.02723,5440,2448,2296,0.205,1320.0,975.0
4620099.00,CT,Montréal,0.68903,5724,2825,2680,0.188,1315.0,1365.0
4620100.01,CT,Montréal,0.45896,4065,2028,1876,0.305,645.0,1230.0
4620100.02,CT,Montréal,0.35411,3486,1627,1443,0.127,515.0,930.0
4620101.01,CT,Montréal,0.35542,4089,2016,1860,0.237,625.0,1235.0
4620101.02,CT,Montréal,0.36341,3899,1704,1583,0.302,425.0,1160.0
4620102.00,CT,Montréal,0.59249,4089,2147,1901,0.26,885.0,1020.0
4620103.00,CT,Montréal,0.33938,2414,1113,1075,0.254,625.0,450.0
4620104.00,CT,Montréal,0.37777,2752,1142,1104,0.28600000000000003,720.0,385.0
4620105.00,CT,Montréal,0.3063,3329,1695,1579,0.193,715.0,865.0
4620106.00,CT,Montréal,0.22501,2037,996,947,0.263,335.0,615.0
4620107.00,CT,Montréal,0.16626,1455,870,761,0.313,165.0,600.0
4620108.00,CT,Montréal,0.56976,4168,1766,1630,0.26899999999999996,770.0,860.0
4620109.00,CT,Montréal,0.17553,2075,1128,1049,0.348,205.0,850.0
4620110.00,CT,Montréal,0.23887,3748,2096,1887,0.244,200.0,1685.0
4620111.00,CT,Montréal,0.73497,6746,3144,2850,0.22899999999999998,1115.0,1735.0
4620112.01,CT,Montréal,0.64273,5085,1854,1654,0.20800000000000002,510.0,1130.0
4620112.02,CT,Montréal,0.2803,4283,1949,1894,0.282,235.0,1660.0
4620113.00,CT,Montréal,0.5027,5464,2448,2290,0.256,710.0,1580.0
4620114.00,CT,Montréal,0.28598,2031,971,910,0.248,330.0,545.0
4620115.01,CT,Montréal,0.21858,2033,973,883,0.256,445.0,475.0
4620115.02,CT,Montréal,0.42737,5954,3831,3509,0.23,290.0,3215.0
4620116.00,CT,Montréal,0.63992,6816,3320,3036,0.26,410.0,2625.0
4620117.00,CT,Montréal,0.27245,4478,1613,1506,0.147,175.0,1335.0
4620118.00,CT,Montréal,0.29853,4453,1686,1577,0.205,315.0,1260.0
4620119.00,CT,Montréal,0.56732,6458,2515,2377,0.261,255.0,2120.0
4620120.01,CT,Mont-Royal,2.58728,3500,1616,1524,0.34,555.0,985.0
4620120.02,CT,Côte-Saint-Luc,0.19682,1079,459,451,0.37799999999999995,445.0,0.0
4620121.00,CT,Montréal,0.37563,1829,735,715,0.327,435.0,280.0
4620122.00,CT,Montréal,0.66705,6857,3354,3059,0.209,125.0,2935.0
4620123.00,CT,Montréal,0.41197,6368,3517,3125,0.228,250.0,2870.0
4620124.00,CT,Montréal,0.37997,5834,2849,2636,0.27899999999999997,320.0,2310.0
4620125.00,CT,Montréal,0.4677,6340,2871,2632,0.294,1115.0,1515.0
4620126.00,CT,Montréal,0.73563,2107,1125,911,0.384,210.0,700.0
4620127.01,CT,Montréal,0.48342,5339,3654,3193,0.29,375.0,2820.0
4620127.02,CT,Montréal,1.32742,5,4,3,,x,x
4620128.00,CT,Montréal,3.01603,3692,2181,1879,0.315,760.0,1120.0
4620129.01,CT,Montréal,0.28381,4108,2937,2390,0.345,715.0,1675.0
4620129.02,CT,Montréal,0.36278,3710,2994,2285,0.401,425.0,1860.0
4620130.00,CT,Montréal,0.15672,2974,2833,2087,0.299,270.0,1820.0
4620131.00,CT,Montréal,0.10239,3084,2619,2043,0.332,170.0,1880.0
4620132.00,CT,Montréal,0.26981,4903,3645,3090,0.255,225.0,2865.0
4620133.00,CT,Montréal,0.14636,2387,1714,1453,0.485,270.0,1205.0
4620134.00,CT,Montréal,0.08719,913,763,553,0.429,225.0,365.0
4620135.00,CT,Montréal,0.12042,1591,960,875,0.27899999999999997,320.0,555.0
4620136.00,CT,Montréal,0.18142,2729,1654,1448,0.402,445.0,1015.0
4620137.00,CT,Montréal,0.18509,1077,733,605,0.353,140.0,450.0
4620138.00,CT,Montréal,0.28223,2036,1201,1070,0.465,325.0,745.0
4620139.00,CT,Montréal,0.22172,3159,1877,1672,0.345,650.0,1025.0
4620140.00,CT,Montréal,0.11688,1380,749,696,0.252,320.0,370.0
4620141.00,CT,Montréal,0.12192,1633,945,868,0.258,345.0,525.0
4620142.00,CT,Montréal,0.10667,1585,960,878,0.35100000000000003,215.0,660.0
4620143.00,CT,Montréal,0.17205,2224,1573,1447,0.297,255.0,1155.0
4620144.00,CT,Montréal,0.1878,3336,2239,2010,0.281,630.0,1380.0
4620145.00,CT,Montréal,0.43966,0,0,0,,x,x
4620146.00,CT,Montréal,0.14211,2293,1535,1416,0.29,395.0,1020.0
4620147.00,CT,Montréal,0.16783,2638,1642,1513,0.24,425.0,1090.0
4620148.00,CT,Montréal,0.14474,1222,492,468,0.303,260.0,210.0
4620149.00,CT,Montréal,0.13874,3141,1922,1783,0.237,650.0,1130.0
4620150.00,CT,Montréal,0.16591,2433,1494,1381,0.32,275.0,1105.0
4620151.00,CT,Montréal,0.11575,2123,1176,1113,0.302,250.0,860.0
4620152.00,CT,Montréal,0.13782,1547,948,901,0.26899999999999996,205.0,695.0
4620153.00,CT,Montréal,0.2781,843,500,445,0.298,75.0,365.0
4620154.00,CT,Montréal,0.12596,616,409,378,0.188,95.0,280.0
4620155.00,CT,Montréal,0.10822,1707,1068,1022,0.263,185.0,835.0
4620156.00,CT,Montréal,0.13931,1902,1157,1105,0.262,285.0,820.0
4620157.00,CT,Montréal,0.16236,2099,1215,1154,0.22,390.0,770.0
4620158.00,CT,Montréal,0.14117,2044,1316,1235,0.255,355.0,880.0
4620159.00,CT,Montréal,0.12367,1805,1026,962,0.27399999999999997,380.0,580.0
4620160.00,CT,Montréal,0.12169,1707,1076,1019,0.22699999999999998,305.0,720.0
4620161.00,CT,Montréal,0.13892,1807,1029,966,0.295,250.0,715.0
4620162.00,CT,Montréal,0.09542,1598,999,915,0.248,285.0,630.0
4620163.00,CT,Montréal,0.20233,3020,1622,1466,0.34299999999999997,670.0,780.0
4620164.00,CT,Montréal,0.06972,1283,811,753,0.301,220.0,545.0
4620165.00,CT,Montréal,0.14822,2338,1261,1086,0.41200000000000003,190.0,865.0
4620166.00,CT,Montréal,0.23196,480,312,279,,x,x
4620167.00,CT,Montréal,0.20387,2457,1236,1133,0.44799999999999995,370.0,785.0
4620168.00,CT,Montréal,0.16845,2716,1218,1123,0.43799999999999994,340.0,760.0
4620169.00,CT,Montréal,0.14677,2105,1054,980,0.304,375.0,595.0
4620170.00,CT,Montréal,0.15587,2114,1125,1057,0.359,245.0,825.0
4620171.00,CT,Montréal,0.48111,4539,2702,2562,0.248,865.0,1695.0
4620172.00,CT,Montréal,0.20133,2200,1489,1409,0.239,315.0,1095.0
4620173.00,CT,Montréal,0.18567,1970,1215,1158,0.23,355.0,805.0
4620174.00,CT,Montréal,0.22837,2031,1255,1215,0.217,455.0,755.0
4620175.00,CT,Montréal,0.11808,2044,1164,1123,0.27899999999999997,480.0,640.0
4620176.00,CT,Montréal,0.1149,1551,931,887,0.195,155.0,735.0
4620177.00,CT,Montréal,0.09907,1189,737,699,0.231,190.0,505.0
4620178.00,CT,Montréal,0.28056,2297,1451,1363,0.22699999999999998,250.0,1115.0
4620179.00,CT,Montréal,0.49465,3703,2263,2161,0.261,365.0,1795.0
4620180.00,CT,Montréal,0.26351,3453,2013,1898,0.303,390.0,1510.0
4620181.00,CT,Montréal,0.33062,3570,2055,1958,0.21899999999999997,390.0,1570.0
4620182.00,CT,Montréal,0.13969,2154,1183,1142,0.25,310.0,835.0
4620183.00,CT,Montréal,0.13216,2205,1264,1226,0.273,265.0,965.0
4620184.00,CT,Montréal,0.21975,2910,1555,1492,0.247,435.0,1055.0
4620185.00,CT,Montréal,0.39661,5262,2964,2811,0.172,930.0,1885.0
4620186.00,CT,Montréal,0.37957,4422,2461,2356,0.265,475.0,1880.0
4620187.01,CT,Montréal,0.36489,2647,1505,1411,0.29600000000000004,270.0,1140.0
4620187.03,CT,Montréal,0.37983,4724,2607,2563,0.198,995.0,1570.0
4620187.04,CT,Montréal,0.75427,5011,2523,2464,0.195,1360.0,1105.0
4620188.01,CT,Montréal,0.14557,2108,1216,1150,0.297,315.0,830.0
4620188.02,CT,Montréal,0.22688,2564,1449,1380,0.184,315.0,1070.0
4620189.00,CT,Montréal,1.47637,0,0,0,,x,x
4620190.01,CT,Montréal,0.45972,3431,1930,1788,0.3,780.0,1010.0
4620190.02,CT,Montréal,1.04295,3581,1897,1831,0.203,885.0,950.0
4620191.00,CT,Montréal,1.67901,6178,3112,2952,0.17600000000000002,985.0,1970.0
4620192.00,CT,Montréal,0.78556,3221,1203,1176,0.146,790.0,370.0
4620193.00,CT,Montréal,0.26739,1978,962,919,0.196,410.0,510.0
4620194.00,CT,Montréal,1.19066,5859,2659,2571,0.162,1245.0,1320.0
4620195.01,CT,Montréal,0.54153,3336,1397,1334,0.272,435.0,900.0
4620195.02,CT,Montréal,0.5967,5349,2448,2336,0.21899999999999997,820.0,1515.0
4620195.03,CT,Montréal,0.90561,4956,2418,2287,0.19899999999999998,1020.0,1265.0
4620196.00,CT,Montréal,0.39926,4055,2281,2156,0.287,635.0,1520.0
4620197.00,CT,Montréal,0.59694,4815,2575,2422,0.209,625.0,1795.0
4620198.00,CT,Montréal,0.64179,4891,2629,2512,0.204,775.0,1730.0
4620199.00,CT,Montréal,0.22507,2605,1405,1340,0.193,370.0,970.0
4620200.00,CT,Montréal,0.31089,4380,2352,2230,0.126,570.0,1660.0
4620201.00,CT,Montréal,0.92732,7128,3837,3629,0.257,790.0,2835.0
4620202.00,CT,Montréal,0.6097,4292,2427,2299,0.21,620.0,1675.0
4620203.00,CT,Montréal,0.23778,2725,1559,1478,0.21899999999999997,505.0,975.0
4620204.00,CT,Montréal,0.23466,2693,1506,1432,0.257,455.0,980.0
4620205.00,CT,Montréal,0.17705,2069,1224,1162,0.275,465.0,700.0
4620206.00,CT,Montréal,0.23278,2539,1461,1373,0.272,450.0,925.0
4620207.00,CT,Montréal,0.25644,3295,1874,1805,0.28600000000000003,505.0,1300.0
4620208.00,CT,Montréal,0.20053,2456,1405,1302,0.268,500.0,805.0
4620209.00,CT,Montréal,0.66349,5572,3134,2932,0.193,675.0,2255.0
4620210.00,CT,Montréal,0.32663,3848,2265,2159,0.259,595.0,1560.0
4620211.00,CT,Montréal,0.17672,2277,1345,1289,0.21100000000000002,310.0,980.0
4620212.00,CT,Montréal,0.19487,2430,1414,1351,0.23399999999999999,435.0,915.0
4620213.00,CT,Montréal,0.19261,2528,1389,1309,0.255,380.0,930.0
4620214.00,CT,Montréal,0.25562,2575,1457,1384,0.228,300.0,1080.0
4620215.00,CT,Montréal,0.23137,2378,1352,1284,0.345,245.0,1035.0
4620216.00,CT,Montréal,0.32149,2197,1348,1254,0.264,215.0,1040.0
4620217.00,CT,Montréal,0.16073,2605,1502,1421,0.24,220.0,1200.0
4620218.00,CT,Montréal,0.28179,2865,1737,1615,0.297,280.0,1335.0
4620219.00,CT,Montréal,0.31553,2485,1528,1366,0.297,505.0,860.0
4620220.00,CT,Montréal,0.40794,5810,2900,2714,0.247,610.0,2100.0
4620221.00,CT,Montréal,0.32519,6346,2927,2721,0.294,470.0,2250.0
4620222.00,CT,Montréal,0.20099,3757,1626,1520,0.201,425.0,1105.0
4620223.01,CT,Montréal,0.14729,3955,1660,1497,0.28300000000000003,195.0,1290.0
4620223.02,CT,Montréal,0.19873,3276,1336,1247,0.255,275.0,955.0
4620224.00,CT,Montréal,0.37596,6139,2612,2409,0.21899999999999997,540.0,1870.0
4620225.00,CT,Montréal,0.64988,1394,694,636,0.159,265.0,370.0
4620226.00,CT,Montréal,0.25042,3030,1690,1549,0.226,440.0,1110.0
4620227.00,CT,Montréal,0.11694,1551,819,793,0.293,225.0,565.0
4620228.00,CT,Montréal,0.11308,1733,832,803,0.201,290.0,510.0
4620229.00,CT,Montréal,0.47293,0,0,0,,x,x
4620230.00,CT,Montréal,0.11818,1834,1020,957,0.20199999999999999,230.0,725.0
4620231.00,CT,Montréal,0.10435,1631,913,868,0.162,230.0,640.0
4620232.00,CT,Montréal,0.36424,3217,1779,1694,0.184,635.0,1060.0
4620233.00,CT,Montréal,0.10737,2042,1132,1078,0.18899999999999997,195.0,880.0
4620234.00,CT,Montréal,0.15022,2226,1279,1214,0.23,235.0,980.0
4620235.00,CT,Montréal,0.11838,1808,1030,973,0.214,275.0,695.0
4620236.00,CT,Montréal,0.10765,1772,1019,984,0.254,245.0,740.0
4620237.00,CT,Montréal,0.22222,3056,1615,1537,0.231,390.0,1150.0
4620238.00,CT,Montréal,0.16423,2333,1297,1228,0.29600000000000004,335.0,895.0
4620239.00,CT,Montréal,0.54659,4587,2578,2450,0.321,490.0,1960.0
4620240.00,CT,Montréal,0.30414,3068,1571,1492,0.35,400.0,1090.0
4620241.00,CT,Montréal,0.21434,2895,1442,1354,0.324,310.0,1045.0
4620242.00,CT,Montréal,0.37218,6180,3204,2965,0.284,700.0,2265.0
4620243.00,CT,Montréal,0.25381,4005,1847,1765,0.14,395.0,1370.0
4620244.00,CT,Montréal,0.17656,2109,1118,1086,0.17,185.0,900.0
4620245.00,CT,Montréal,0.22007,2793,1624,1563,0.22399999999999998,365.0,1205.0
4620247.00,CT,Montréal,0.19427,2212,1221,1175,0.275,390.0,790.0
4620249.00,CT,Montréal,0.53629,4098,2196,2073,0.304,770.0,1300.0
4620250.00,CT,Montréal,0.44743,3973,2015,1890,0.298,615.0,1275.0
4620251.01,CT,Montréal,0.46597,3775,1584,1535,0.19,415.0,1115.0
4620251.02,CT,Montréal,0.24947,2657,1286,1192,0.223,355.0,835.0
4620252.00,CT,Montréal,0.32806,5044,2341,2191,0.213,605.0,1585.0
4620253.00,CT,Montréal,0.45442,2997,1322,1258,0.221,425.0,835.0
4620254.00,CT,Montréal,0.62045,3931,1833,1731,0.23,625.0,1105.0
4620256.00,CT,Montréal,1.8574,3864,1598,1476,0.14800000000000002,585.0,890.0
4620257.00,CT,Montréal,1.33003,4622,1793,1694,0.24,455.0,1240.0
4620258.00,CT,Montréal,0.40103,4892,1809,1713,0.16,325.0,1385.0
4620259.00,CT,Montréal,0.36575,6065,2511,2314,0.21899999999999997,320.0,1995.0
4620260.00,CT,Montréal,0.54698,2317,906,838,0.13,215.0,625.0
4620261.00,CT,Montréal,0.62698,2820,1171,1096,0.203,330.0,770.0
4620262.00,CT,Montréal,0.74146,4593,1834,1714,0.23800000000000002,535.0,1180.0
4620263.00,CT,Montréal,0.75548,4027,1814,1731,0.237,630.0,1100.0
4620264.01,CT,Montréal,1.21501,5464,2437,2344,0.184,980.0,1360.0
4620264.02,CT,Montréal,0.89037,5019,3218,2685,0.12,1590.0,1095.0
4620265.00,CT,Montréal,0.47882,4402,2377,2170,0.242,805.0,1365.0
4620266.00,CT,Montréal,0.76071,3258,1859,1649,0.33,365.0,1285.0
4620267.00,CT,Montréal,1.10338,6030,2676,2508,0.26,960.0,1550.0
4620268.01,CT,Montréal,0.57657,6048,3248,3007,0.251,1565.0,1440.0
4620268.02,CT,Montréal,0.33308,3320,1412,1308,0.337,420.0,870.0
4620268.03,CT,Montréal,1.29566,5,5,4,,x,x
4620269.00,CT,Montréal,0.77417,3969,2013,1829,0.242,395.0,1440.0
4620270.00,CT,Montréal,0.67784,4369,2414,2233,0.257,765.0,1465.0
4620271.00,CT,Montréal,0.47913,3244,1581,1526,0.23199999999999998,735.0,790.0
4620272.00,CT,Montréal,0.49943,3748,1900,1841,0.268,595.0,1240.0
4620273.00,CT,Montréal,0.57821,4379,2320,2212,0.195,700.0,1510.0
4620274.00,CT,Montréal,0.4798,3040,1442,1354,0.307,475.0,880.0
4620275.00,CT,Montréal,0.6162,3983,2141,2012,0.267,695.0,1320.0
4620276.00,CT,Montréal,0.87167,5016,2659,2538,0.146,760.0,1780.0
4620277.00,CT,Montréal,0.54901,4403,2085,1967,0.198,480.0,1490.0
4620278.00,CT,Montréal,0.59082,4338,2236,2138,0.12,690.0,1455.0
4620279.00,CT,Montréal,0.93642,4166,2201,2070,0.256,735.0,1335.0
4620280.00,CT,Montréal,0.6008,4471,2256,2109,0.218,755.0,1350.0
4620281.00,CT,Montréal,1.07951,3557,1513,1458,0.21100000000000002,885.0,575.0
4620282.00,CT,Montréal,1.31609,6757,2891,2726,0.18899999999999997,1115.0,1610.0
4620283.01,CT,Montréal,0.60641,3612,1417,1363,0.268,785.0,595.0
4620283.02,CT,Montréal,0.47639,2823,1278,1204,0.251,575.0,630.0
4620284.00,CT,Montréal,0.58423,3362,1638,1563,0.28600000000000003,730.0,835.0
4620285.00,CT,Montréal,1.49814,6554,2437,2211,0.13699999999999998,1020.0,1195.0
4620286.00,CT,Montréal,0.79607,5321,2114,2008,0.149,755.0,1255.0
4620287.01,CT,Montréal,0.53788,6158,3174,2865,0.254,545.0,2315.0
4620287.02,CT,Montréal,1.11337,4494,1721,1629,0.251,920.0,710.0
4620288.00,CT,Montréal,1.88195,1581,414,407,0.314,390.0,0.0
4620290.01,CT,Montréal,1.18711,2245,924,893,0.254,635.0,260.0
4620290.02,CT,Montréal,1.72368,5934,2250,2194,0.114,1490.0,700.0
4620290.03,CT,Montréal,0.63693,4167,1771,1720,0.166,970.0,750.0
4620290.04,CT,Montréal,2.83153,6731,2421,2294,0.273,1710.0,580.0
4620290.05,CT,Montréal,2.2136,5778,3065,2877,0.254,1060.0,1820.0
4620290.06,CT,Montréal,0.92327,5700,2070,2003,0.18,1225.0,775.0
4620290.07,CT,Montréal,0.5907,4007,1558,1514,0.26899999999999996,945.0,565.0
4620290.08,CT,Montréal,1.09942,4152,1517,1489,0.301,1175.0,310.0
4620290.09,CT,Montréal,1.10712,5125,1803,1773,0.142,1350.0,425.0
4620291.01,CT,Montréal,0.97519,4016,1375,1337,0.249,1160.0,185.0
4620291.03,CT,Montréal,6.90275,4740,1564,1525,0.266,1305.0,220.0
4620291.04,CT,Montréal,3.24188,4776,1384,1360,0.188,1250.0,105.0
4620300.00,CT,Montréal,0.51991,2706,1351,1272,0.27,240.0,1035.0
4620301.00,CT,Montréal,0.41989,4963,2801,2621,0.275,1030.0,1590.0
4620302.00,CT,Montréal,0.20658,2827,1589,1478,0.231,230.0,1250.0
4620303.00,CT,Montréal,0.26093,2213,1290,1188,0.327,320.0,870.0
4620304.00,CT,Montréal,0.26846,2911,1726,1577,0.285,435.0,1140.0
4620305.00,CT,Montréal,0.35228,3709,2188,2007,0.319,735.0,1275.0
4620306.00,CT,Montréal,0.22414,2799,1613,1443,0.391,175.0,1200.0
4620307.00,CT,Montréal,0.17936,3269,1720,1609,0.345,215.0,1460.0
4620308.00,CT,Montréal,0.17762,2522,1313,1224,,x,x
4620309.00,CT,Montréal,0.18829,1305,619,600,0.26,260.0,380.0
4620310.00,CT,Montréal,0.44051,3420,1692,1621,0.214,505.0,1115.0
4620311.00,CT,Montréal,0.35056,3986,2133,2002,0.313,365.0,1635.0
4620312.00,CT,Montréal,0.3083,3220,1735,1633,0.26,415.0,1220.0
4620313.00,CT,Montréal,0.4042,3290,1615,1545,0.19,545.0,1005.0
4620314.00,CT,Montréal,0.26226,2422,1236,1182,0.266,365.0,830.0
4620315.00,CT,Montréal,0.80382,94,5,5,,x,x
4620316.00,CT,Montréal,0.57494,2187,871,852,0.203,690.0,150.0
4620317.02,CT,Montréal,1.31571,6655,3444,3271,0.221,1710.0,1560.0
4620317.03,CT,Montréal,0.81938,4141,2225,2113,0.23600000000000002,1935.0,180.0
4620317.04,CT,Montréal,1.66042,7519,3617,3402,0.29100000000000004,1545.0,1855.0
4620320.00,CT,Montréal,0.67594,4541,2266,2124,0.391,995.0,1090.0
4620321.00,CT,Montréal,1.08766,2850,1471,1373,0.37,600.0,810.0
4620322.02,CT,Montréal,0.77558,3779,1719,1647,0.16899999999999998,785.0,860.0
4620322.03,CT,Montréal,0.7506,4650,2455,2354,0.231,595.0,1755.0
4620322.04,CT,Montréal,0.45349,3478,1479,1404,0.326,620.0,785.0
4620323.00,CT,Montréal,0.61969,2941,1354,1270,0.171,390.0,880.0
4620324.01,CT,Montréal,0.70157,4645,2159,2013,0.161,740.0,1275.0
4620324.02,CT,Montréal,0.66073,2698,1234,1129,0.114,380.0,755.0
4620325.01,CT,Montréal,0.39023,3670,1538,1461,0.171,530.0,920.0
4620325.02,CT,Montréal,0.97269,6559,2926,2787,0.205,800.0,1985.0
4620325.03,CT,Montréal,0.47762,3612,1580,1478,0.384,600.0,870.0
4620325.05,CT,Montréal,0.9139,5030,2397,2305,0.327,1510.0,795.0
4620325.06,CT,Montréal,0.78077,4162,1993,1938,0.3,1335.0,605.0
4620326.01,CT,Montréal,2.52623,2872,1199,1155,0.396,380.0,775.0
4620326.02,CT,Montréal,1.08332,3493,1713,1583,0.18,475.0,1110.0
4620326.03,CT,Montréal,1.31743,4949,2002,1894,0.205,815.0,1085.0
4620327.00,CT,Montréal,1.09843,4787,2228,2127,0.209,770.0,1355.0
4620328.00,CT,Montréal,0.43756,1959,861,830,0.263,0.0,820.0
4620329.00,CT,Montréal,0.62603,3601,1852,1673,0.114,590.0,1085.0
4620330.00,CT,Montréal,2.02456,5212,2434,2220,0.19399999999999998,805.0,1415.0
4620340.00,CT,Montréal-Ouest,1.40681,5085,1929,1846,0.18100000000000002,1405.0,440.0
4620350.00,CT,Westmount,0.55558,2491,1283,1199,0.306,450.0,750.0
4620351.00,CT,Westmount,0.46034,4921,3092,2693,0.299,715.0,1960.0
4620352.00,CT,Westmount,0.48668,3017,1463,1362,0.285,530.0,830.0
4620353.00,CT,Westmount,0.40699,2961,1246,1156,0.247,755.0,415.0
4620354.00,CT,Westmount,0.81395,3158,1046,1008,0.273,915.0,110.0
4620355.00,CT,Westmount,0.30728,1387,633,566,0.175,375.0,195.0
4620356.00,CT,Westmount,0.99616,1996,689,653,0.324,615.0,20.0
4620360.00,CT,Montréal,1.43358,1934,677,639,0.303,515.0,115.0
4620361.00,CT,Montréal,0.12612,1384,826,672,0.295,190.0,495.0
4620362.00,CT,Montréal,0.53347,2551,898,859,0.285,585.0,275.0
4620363.00,CT,Montréal,0.37302,5012,2305,2130,0.252,960.0,1170.0
4620364.00,CT,Montréal,0.23792,2935,1066,1003,0.41200000000000003,335.0,645.0
4620365.00,CT,Montréal,0.24877,2779,1330,1254,0.305,700.0,555.0
4620366.00,CT,Montréal,0.34355,2538,1076,1037,0.259,670.0,365.0
4620367.00,CT,Montréal,0.56686,4433,1924,1828,0.278,1065.0,765.0
4620370.00,CT,Hampstead,1.79014,7153,2656,2513,0.285,1750.0,765.0
4620380.00,CT,Côte-Saint-Luc,0.7617,4094,1877,1785,0.324,725.0,1065.0
4620381.00,CT,Côte-Saint-Luc,0.58866,6381,2778,2579,0.27399999999999997,600.0,1975.0
4620382.01,CT,Côte-Saint-Luc,0.57855,3722,1538,1454,0.29600000000000004,1135.0,360.0
4620382.02,CT,Côte-Saint-Luc,1.5627,4622,1600,1542,0.233,1180.0,370.0
4620383.01,CT,Côte-Saint-Luc,1.72776,3308,1117,1081,0.3,705.0,340.0
4620383.02,CT,Côte-Saint-Luc,1.50147,7650,3923,3732,0.213,1970.0,1765.0
4620385.00,CT,Côte-Saint-Luc,0.03823,1465,1010,944,0.363,65.0,870.0
4620390.00,CT,Montréal,1.02591,953,544,483,0.322,150.0,335.0
4620391.00,CT,Montréal,0.31605,1665,958,833,0.499,225.0,585.0
4620392.00,CT,Montréal,0.43667,1470,819,732,0.32,325.0,425.0
4620393.00,CT,Montréal,1.04248,5208,2591,2413,0.193,920.0,1495.0
4620394.00,CT,Montréal,1.35051,3319,1785,1664,0.401,505.0,1135.0
4620395.01,CT,Montréal,7.61868,2838,1238,1123,0.39,55.0,1095.0
4620395.02,CT,Montréal,0.68907,6267,2900,2713,0.235,780.0,1935.0
4620395.03,CT,Montréal,0.60184,4567,2433,2322,0.256,1110.0,1215.0
4620396.00,CT,Montréal,1.47171,6208,2690,2596,0.23800000000000002,1405.0,1190.0
4620397.00,CT,Montréal,1.18211,3909,1442,1417,0.235,1235.0,180.0
4620400.00,CT,Mont-Royal,1.38144,4925,1905,1826,0.272,1330.0,495.0
4620401.00,CT,Mont-Royal,0.97071,3134,1292,1248,0.255,725.0,520.0
4620402.00,CT,Mont-Royal,2.54361,1304,579,505,0.32299999999999995,275.0,230.0
4620403.00,CT,Mont-Royal,1.32848,5027,1891,1797,0.273,1235.0,565.0
4620404.00,CT,Mont-Royal,1.43823,5113,1724,1673,0.309,1180.0,495.0
4620410.01,CT,Montréal,0.86031,5393,2193,2078,0.128,1090.0,990.0
4620410.02,CT,Montréal,0.76951,5688,2821,2708,0.22,1465.0,1240.0
4620410.03,CT,Montréal,2.18436,1890,619,605,0.325,360.0,255.0
4620412.00,CT,Montréal,1.46408,6772,2628,2522,0.209,1435.0,1090.0
4620413.01,CT,Montréal,0.8634,3970,1406,1390,0.26,1285.0,95.0
4620413.02,CT,Montréal,0.71855,3839,1587,1438,0.366,355.0,1090.0
4620415.03,CT,Montréal,0.27481,4145,2019,1925,0.222,575.0,1355.0
4620415.04,CT,Montréal,0.47257,4788,2127,2006,0.268,560.0,1450.0
4620415.05,CT,Montréal,10.95407,6534,2378,2311,0.245,2110.0,200.0
4620415.06,CT,Montréal,17.91761,5843,2402,2306,0.244,1945.0,360.0
4620416.01,CT,Montréal,0.84812,4077,1441,1412,0.128,1255.0,155.0
4620416.02,CT,Montréal,1.06062,3108,1174,1107,0.252,540.0,575.0
4620417.01,CT,Montréal,0.67011,4250,1756,1643,0.198,1040.0,630.0
4620417.02,CT,Montréal,0.37707,3044,944,893,0.156,130.0,735.0
4620418.00,CT,Montréal,1.29497,5549,2564,2411,0.166,925.0,1485.0
4620419.00,CT,Montréal,0.37904,5029,1843,1745,0.094,320.0,1430.0
4620420.00,CT,Montréal,0.82563,5060,1766,1698,0.2,1050.0,650.0
4620421.01,CT,Montréal,0.38919,7628,3081,2913,0.23800000000000002,150.0,2760.0
4620421.02,CT,Montréal,0.55094,7235,3049,2860,0.23600000000000002,665.0,2195.0
4620430.00,CT,Dorval,1.98174,6004,3265,2993,0.281,1295.0,1700.0
4620431.00,CT,Dorval,2.18537,5425,2481,2360,0.24100000000000002,1175.0,1185.0
4620432.00,CT,Dorval,1.3059,3251,1266,1246,0.21600000000000003,1190.0,65.0
4620433.00,CT,Montréal,15.42241,3528,1421,1392,0.204,1060.0,325.0
4620440.00,CT,L'Île-Dorval,0.18037,5,59,3,,x,x
4620450.00,CT,Pointe-Claire,3.76643,7316,3261,3117,0.158,2135.0,985.0
4620451.00,CT,Pointe-Claire,3.32637,6791,2795,2755,0.22399999999999998,2065.0,690.0
4620452.00,CT,Pointe-Claire,3.17058,7121,3019,2835,0.214,1500.0,1340.0
4620453.01,CT,Pointe-Claire,1.98084,5116,1879,1847,0.23,1615.0,235.0
4620453.02,CT,Pointe-Claire,6.63866,4446,1528,1513,0.244,1345.0,170.0
4620460.00,CT,Beaconsfield,3.57935,5361,1868,1840,0.187,1780.0,60.0
4620461.00,CT,Beaconsfield,1.85103,2964,1080,1049,0.28300000000000003,990.0,100.0
4620462.01,CT,Beaconsfield,2.36988,5084,1939,1905,0.191,1645.0,260.0
4620462.02,CT,Beaconsfield,3.20976,6096,1924,1893,0.22699999999999998,1620.0,230.0
4620470.01,CT,Kirkland,3.59356,7531,2746,2680,0.251,2370.0,305.0
4620470.03,CT,Kirkland,2.39204,5486,1606,1594,0.22699999999999998,1570.0,25.0
4620470.04,CT,Kirkland,1.54969,3838,1227,1222,0.231,1190.0,25.0
4620470.05,CT,Kirkland,2.11144,4398,1342,1332,0.195,1310.0,25.0
4620480.00,CT,Baie-D'Urfé,6.02713,3850,1423,1385,0.244,1250.0,135.0
4620490.00,CT,Sainte-Anne-de-Bellevue,0.71154,2423,1486,1264,0.32899999999999996,510.0,750.0
4620491.00,CT,Sainte-Anne-de-Bellevue,9.86778,2650,716,704,0.237,645.0,55.0
4620500.00,CT,Senneville,7.48431,920,374,350,0.27399999999999997,305.0,50.0
4620511.01,CT,Montréal,1.45003,3332,1164,1136,0.25,990.0,150.0
4620511.02,CT,Montréal,1.50949,6102,2461,2282,0.20800000000000002,1005.0,1275.0
4620512.02,CT,Montréal,1.45801,4455,1814,1751,0.218,1435.0,310.0
4620512.03,CT,Montréal,0.68377,2213,1230,1166,0.313,620.0,550.0
4620512.04,CT,Montréal,1.76667,6598,2468,2383,0.184,1725.0,660.0
4620513.01,CT,Montréal,1.10546,5183,1830,1785,0.212,1175.0,610.0
4620513.02,CT,Montréal,1.23463,3901,1691,1578,0.276,795.0,785.0
4620514.01,CT,Montréal,1.9657,7163,2848,2792,0.261,1965.0,830.0
4620514.02,CT,Montréal,1.89029,6325,2222,2175,0.267,1675.0,505.0
4620515.01,CT,Montréal,9.09309,5514,1857,1740,0.19699999999999998,1420.0,320.0
4620515.02,CT,Montréal,0.95144,4526,1529,1515,0.268,1020.0,490.0
4620515.03,CT,Montréal,0.93719,3503,1221,1208,0.18100000000000002,990.0,220.0
4620515.04,CT,Montréal,0.83767,3715,1334,1302,0.271,990.0,310.0
4620520.02,CT,Dollard-Des Ormeaux,1.71063,7162,2520,2431,0.14800000000000002,1775.0,655.0
4620520.03,CT,Dollard-Des Ormeaux,1.49966,3852,1371,1325,0.311,885.0,425.0
4620520.04,CT,Dollard-Des Ormeaux,1.07006,4546,1767,1716,0.201,885.0,850.0
4620521.01,CT,Dollard-Des Ormeaux,0.84016,4650,1809,1768,0.215,1265.0,505.0
4620521.04,CT,Dollard-Des Ormeaux,1.39433,5052,1817,1752,0.21,1415.0,340.0
4620521.05,CT,Dollard-Des Ormeaux,1.36893,4818,1357,1345,0.273,1230.0,135.0
4620521.06,CT,Dollard-Des Ormeaux,2.171,5121,1871,1827,0.23199999999999998,1780.0,45.0
4620521.07,CT,Dollard-Des Ormeaux,2.07154,4454,1272,1264,0.19899999999999998,1135.0,115.0
4620522.01,CT,Dollard-Des Ormeaux,1.24474,3731,1335,1326,0.262,1130.0,200.0
4620522.02,CT,Dollard-Des Ormeaux,1.0749,3727,1414,1384,0.196,975.0,405.0
4620523.00,CT,Dollard-Des Ormeaux,0.76167,2524,822,817,0.252,775.0,25.0
4620530.00,CT,Montréal,2.18847,5880,2132,2083,0.312,1850.0,235.0
4620540.00,CT,Montréal,0.85261,3450,1699,1600,0.376,555.0,1050.0
4620550.02,CT,Montréal,13.37447,2877,1194,1131,0.24600000000000002,965.0,160.0
4620550.03,CT,Montréal,5.00435,6663,2183,2133,0.23800000000000002,1965.0,165.0
4620550.04,CT,Montréal,4.42711,5107,1851,1829,0.19899999999999998,1515.0,315.0
4620570.00,CT,Montréal-Est,12.48334,3728,1784,1650,0.282,615.0,1035.0
4620580.01,CT,Montréal,1.22052,4171,1858,1807,0.258,1000.0,810.0
4620580.02,CT,Montréal,0.77763,2909,1434,1412,0.26,1305.0,115.0
4620580.03,CT,Montréal,1.08263,4026,1594,1565,0.18,1125.0,435.0
4620581.01,CT,Montréal,1.31268,5966,2502,2428,0.129,1420.0,1010.0
4620581.02,CT,Montréal,0.6809,3317,1580,1409,0.24,825.0,585.0
4620582.01,CT,Montréal,1.17818,6531,3209,3072,0.105,1495.0,1575.0
4620582.02,CT,Montréal,1.25885,6127,2728,2638,0.188,1445.0,1190.0
4620583.00,CT,Montréal,0.7515,3218,1365,1313,0.257,780.0,525.0
4620584.00,CT,Montréal,1.63684,6814,3236,3088,0.155,1280.0,1810.0
4620585.01,CT,Montréal,3.50372,2019,778,769,0.21899999999999997,700.0,65.0
4620585.02,CT,Montréal,5.57999,3968,1806,1712,0.266,735.0,980.0
4620590.01,CT,Montréal,1.41876,5383,2298,2210,0.161,895.0,1310.0
4620590.02,CT,Montréal,0.29182,3136,1444,1369,0.218,370.0,1000.0
4620591.01,CT,Montréal,0.48648,2557,1100,1047,0.203,575.0,490.0
4620591.02,CT,Montréal,0.68275,4076,1716,1648,0.214,790.0,855.0
4620592.00,CT,Montréal,0.97608,7181,3202,3081,0.125,1005.0,2075.0
4620593.01,CT,Montréal,1.02222,5010,3118,3054,0.17600000000000002,1835.0,1220.0
4620593.02,CT,Montréal,0.48232,4402,2083,1969,0.175,635.0,1335.0
4620594.01,CT,Montréal,0.39382,2766,1355,1338,0.26,275.0,1050.0
4620594.02,CT,Montréal,7.96262,7417,3490,3395,0.149,1985.0,1415.0
4620600.01,CT,Montréal,0.75009,3833,1605,1561,0.2,490.0,1070.0
4620600.02,CT,Montréal,0.4173,4028,1832,1746,0.172,360.0,1385.0
4620600.03,CT,Montréal,0.71666,6415,2618,2485,0.22,760.0,1725.0
4620601.01,CT,Montréal,0.31832,3293,1380,1339,0.266,535.0,800.0
4620601.02,CT,Montréal,0.423,4085,1980,1877,0.168,675.0,1205.0
4620602.01,CT,Montréal,0.54555,3487,1532,1497,0.292,575.0,920.0
4620602.02,CT,Montréal,0.62028,2733,1207,1134,0.26899999999999996,255.0,880.0
4620603.01,CT,Montréal,0.52509,3759,1549,1461,0.111,410.0,1065.0
4620603.02,CT,Montréal,0.61898,3691,1683,1634,0.214,550.0,1085.0
4620603.03,CT,Montréal,0.35492,3517,1390,1304,0.201,315.0,970.0
4620604.01,CT,Montréal,0.91207,3205,1174,1149,0.239,935.0,215.0
4620604.02,CT,Montréal,0.32222,4466,1825,1772,0.132,415.0,1360.0
4620604.03,CT,Montréal,0.49447,3007,1287,1224,0.254,455.0,760.0
4620604.04,CT,Montréal,0.78121,3318,1372,1322,0.26899999999999996,425.0,915.0
4620604.05,CT,Montréal,0.60067,4686,1824,1762,0.284,750.0,1015.0
4620605.01,CT,Montréal,1.33932,3421,1552,1490,0.174,655.0,855.0
4620605.02,CT,Montréal,0.59212,1999,746,728,0.256,640.0,80.0
4620605.03,CT,Montréal,1.03503,5856,2481,2409,0.214,790.0,1620.0
4620605.04,CT,Montréal,1.58299,4803,1981,1900,0.29600000000000004,720.0,1175.0
4620605.05,CT,Montréal,0.56664,2098,878,841,0.258,475.0,380.0
4620610.01,CT,Montréal,0.94827,4512,2104,1891,0.242,375.0,1510.0
4620610.02,CT,Montréal,0.46124,4539,1896,1788,0.23199999999999998,530.0,1255.0
4620610.03,CT,Montréal,0.78446,5203,2451,2248,0.17,1120.0,1130.0
4620610.04,CT,Montréal,0.19283,3957,1849,1682,0.27,70.0,1615.0
4620610.05,CT,Montréal,0.37911,4293,2082,1803,0.21100000000000002,40.0,1740.0
4620610.06,CT,Montréal,0.34565,2778,1170,1086,0.311,370.0,735.0
4620610.07,CT,Montréal,0.55124,4515,2066,1934,0.28600000000000003,235.0,1700.0
4620611.01,CT,Montréal,0.70977,2808,1234,1165,0.373,450.0,715.0
4620611.02,CT,Montréal,0.57316,5497,2366,2174,0.11199999999999999,655.0,1520.0
4620612.00,CT,Montréal,0.75507,4210,1852,1717,0.24600000000000002,505.0,1210.0
4620613.00,CT,Montréal,0.99063,7112,3061,2848,0.21100000000000002,895.0,1955.0
4620614.00,CT,Montréal,0.46072,3562,1650,1551,0.09699999999999999,490.0,1060.0
4620615.00,CT,Montréal,0.56345,5646,2377,2223,0.21100000000000002,550.0,1680.0
4620616.00,CT,Montréal,0.76573,6527,2735,2537,0.2,770.0,1770.0
4620617.01,CT,Montréal,0.89203,5414,2263,2147,0.17300000000000001,1050.0,1100.0
4620617.02,CT,Montréal,0.65189,3933,1733,1618,0.17300000000000001,695.0,920.0
4620618.00,CT,Montréal,0.49923,3363,1677,1580,0.21,490.0,1090.0
4620619.00,CT,Montréal,0.54935,5999,3243,3001,0.24600000000000002,695.0,2300.0
4620625.01,CT,Laval,5.13304,6111,2164,2125,0.313,1875.0,250.0
4620625.02,CT,Laval,1.96637,6982,2452,2371,0.19399999999999998,2090.0,285.0
4620626.00,CT,Laval,10.55285,6203,2137,2064,0.14300000000000002,1775.0,285.0
4620627.00,CT,Laval,5.23843,6656,2940,2757,0.14400000000000002,1300.0,1455.0
4620628.01,CT,Laval,1.75843,4672,1999,1933,0.138,1185.0,745.0
4620628.02,CT,Laval,0.78358,3709,1613,1572,0.266,900.0,670.0
4620629.00,CT,Laval,1.21192,3414,1325,1307,0.249,1140.0,185.0
4620630.01,CT,Laval,1.2192,3696,1325,1309,0.23399999999999999,1255.0,35.0
4620630.02,CT,Laval,2.20569,5194,1937,1920,0.23,1720.0,195.0
4620631.00,CT,Laval,25.07612,6825,2094,2060,0.307,2000.0,30.0
4620632.01,CT,Laval,1.49425,5027,2045,2021,0.22,1425.0,600.0
4620632.02,CT,Laval,1.99364,4831,1931,1886,0.265,1225.0,665.0
4620632.03,CT,Laval,4.13625,5606,2141,2108,0.239,1250.0,855.0
4620632.04,CT,Laval,1.87466,7273,3040,2975,0.131,2045.0,930.0
4620633.00,CT,Laval,1.61458,5143,2438,2333,0.228,1570.0,765.0
4620634.00,CT,Laval,0.82935,2909,1266,1211,0.265,760.0,450.0
4620635.00,CT,Laval,1.04581,5210,2257,2071,0.37,1125.0,950.0
4620636.00,CT,Laval,2.23097,6907,3108,2954,0.20199999999999999,955.0,2005.0
4620637.01,CT,Laval,1.57426,4963,1915,1878,0.27699999999999997,1310.0,565.0
4620637.02,CT,Laval,1.43304,4131,2169,2096,0.302,600.0,1495.0
4620638.01,CT,Laval,0.89728,5379,2589,2546,0.273,1120.0,1425.0
4620638.02,CT,Laval,0.45734,2021,871,832,0.259,640.0,190.0
4620638.03,CT,Laval,0.67598,4117,1886,1769,0.317,715.0,1055.0
4620638.04,CT,Laval,0.82859,6149,3107,2985,0.21600000000000003,520.0,2465.0
4620639.00,CT,Laval,1.34808,3960,1927,1834,0.322,765.0,1070.0
4620640.00,CT,Laval,0.80341,3719,1585,1517,0.259,770.0,745.0
4620641.01,CT,Laval,1.34336,7563,3492,3333,0.19,1225.0,2105.0
4620641.02,CT,Laval,1.31712,2937,1300,1219,0.228,970.0,255.0
4620642.00,CT,Laval,9.7037,7327,3184,3082,0.191,1715.0,1370.0
4620643.01,CT,Laval,3.11983,3667,1197,1164,0.131,990.0,175.0
4620643.02,CT,Laval,3.6491,4195,2526,2403,0.14800000000000002,1255.0,1145.0
4620643.03,CT,Laval,1.53986,5255,2497,2390,0.149,1050.0,1340.0
4620644.00,CT,Laval,1.46856,1237,521,506,0.17800000000000002,380.0,125.0
4620645.00,CT,Laval,1.55011,6596,2938,2740,0.233,675.0,2060.0
4620646.01,CT,Laval,0.51839,3523,1508,1415,0.317,480.0,935.0
4620646.02,CT,Laval,0.60712,3653,1644,1534,0.253,840.0,690.0
4620646.03,CT,Laval,0.50799,3203,1725,1631,0.46,695.0,935.0
4620647.01,CT,Laval,0.29594,2949,1971,1882,0.245,1150.0,730.0
4620647.02,CT,Laval,1.61688,6870,3207,2934,0.19399999999999998,1670.0,1265.0
4620648.00,CT,Laval,1.12824,5094,1925,1871,0.282,1365.0,505.0
4620649.01,CT,Laval,1.48923,2656,979,949,0.261,625.0,325.0
4620649.02,CT,Laval,1.30859,5414,2025,1972,0.133,1350.0,620.0
4620650.01,CT,Laval,0.75759,4412,1669,1569,0.233,1045.0,490.0
4620650.02,CT,Laval,0.72535,3936,1544,1425,0.342,760.0,695.0
4620650.03,CT,Laval,2.6683,10106,3866,3742,0.22399999999999998,1840.0,1895.0
4620651.01,CT,Laval,2.15187,6227,2268,2226,0.209,1840.0,390.0
4620651.02,CT,Laval,5.15361,6666,2206,2153,0.228,2035.0,115.0
4620652.01,CT,Laval,3.02715,7950,2867,2805,0.18600000000000003,2340.0,465.0
4620652.04,CT,Laval,1.25508,4203,1546,1528,0.248,1340.0,190.0
4620652.06,CT,Laval,2.17466,3891,1410,1390,0.22,1255.0,135.0
4620652.07,CT,Laval,9.62981,7973,2767,2700,0.256,2455.0,245.0
4620652.08,CT,Laval,1.47294,4843,1566,1531,0.23600000000000002,1295.0,210.0
4620652.09,CT,Laval,1.00423,4265,1309,1287,0.35700000000000004,985.0,335.0
4620653.00,CT,Laval,0.5773,1021,377,369,0.149,360.0,0.0
4620654.00,CT,Laval,1.68429,766,280,268,0.243,265.0,0.0
4620655.01,CT,Laval,1.45449,4228,1727,1675,0.272,1320.0,355.0
4620655.02,CT,Laval,2.48367,6518,2501,2435,0.262,1975.0,460.0
4620656.01,CT,Laval,6.15347,6937,2477,2421,0.251,2055.0,350.0
4620656.03,CT,Laval,3.734,3961,1465,1445,0.24100000000000002,1370.0,70.0
4620656.04,CT,Laval,2.05588,6298,2117,2055,0.191,1915.0,145.0
4620657.01,CT,Laval,1.88184,3633,1514,1481,0.20600000000000002,1120.0,360.0
4620657.02,CT,Laval,1.50617,5697,2158,2126,0.22699999999999998,1735.0,390.0
4620657.03,CT,Laval,1.77858,4542,1440,1434,0.14800000000000002,1340.0,100.0
4620658.01,CT,Laval,1.26628,4331,1720,1694,0.19699999999999998,1465.0,215.0
4620658.02,CT,Laval,0.8998,3162,1217,1207,0.18600000000000003,1115.0,105.0
4620658.03,CT,Laval,5.54718,7928,2961,2914,0.172,2530.0,375.0
4620659.04,CT,Laval,6.05161,4018,1305,1266,0.193,1265.0,0.0
4620659.05,CT,Laval,2.3792,7273,2646,2629,0.106,2270.0,360.0
4620659.06,CT,Laval,1.75367,4140,1974,1918,0.295,1160.0,750.0
4620659.08,CT,Laval,1.36495,6511,2340,2313,0.251,1995.0,320.0
4620659.09,CT,Laval,0.9275,3108,932,924,0.253,915.0,0.0
4620659.10,CT,Laval,1.09345,3335,1011,991,0.223,975.0,0.0
4620659.11,CT,Laval,2.453,5993,2498,2416,0.29,1480.0,940.0
4620660.01,CT,Laval,2.00015,5572,1806,1790,0.195,1745.0,45.0
4620660.02,CT,Laval,1.42195,5429,2146,2092,0.122,1580.0,510.0
4620660.03,CT,Laval,2.10998,7061,2563,2536,0.18100000000000002,2225.0,315.0
4620661.01,CT,Laval,5.64559,8493,3211,3138,0.166,2730.0,400.0
4620661.03,CT,Laval,19.33846,4661,1565,1537,0.271,1450.0,85.0
4620661.04,CT,Laval,0.96073,4584,1789,1768,0.256,1425.0,350.0
4620662.00,CT,Laval,28.8856,4935,1851,1799,0.247,1570.0,225.0
4620675.00,CT,Repentigny,3.79065,5472,2888,2822,0.218,1540.0,1285.0
4620676.01,CT,Repentigny,1.54906,3590,1415,1386,0.304,1160.0,235.0
4620676.02,CT,Repentigny,1.3288,2891,1130,1120,0.193,1055.0,70.0
4620676.03,CT,Repentigny,1.20354,2416,921,916,0.23399999999999999,870.0,25.0
4620676.04,CT,Repentigny,1.63287,3238,1175,1164,0.217,1125.0,55.0
4620677.01,CT,Repentigny,2.2653,6206,2884,2822,0.20199999999999999,1660.0,1160.0
4620677.02,CT,Repentigny,2.25505,5243,2616,2576,0.16399999999999998,1360.0,1220.0
4620677.05,CT,Repentigny,2.03351,4984,1766,1744,0.20199999999999999,1540.0,205.0
4620677.06,CT,Repentigny,2.87058,6143,2246,2081,0.298,1890.0,190.0
4620677.07,CT,Repentigny,1.03873,4036,1623,1603,0.245,1125.0,475.0
4620677.08,CT,Repentigny,2.49493,7327,2751,2696,0.27899999999999997,2385.0,310.0
4620677.09,CT,Repentigny,1.27016,4380,1623,1598,0.235,1325.0,270.0
4620677.10,CT,Repentigny,1.49531,4224,1668,1603,0.275,1420.0,180.0
4620681.00,CT,Saint-Sulpice,36.4055,3273,1375,1304,0.271,1065.0,240.0
4620682.02,CT,Repentigny,12.27731,2705,1287,1245,0.33399999999999996,970.0,265.0
4620682.03,CT,Repentigny,21.65387,7793,3089,3020,0.28600000000000003,2395.0,615.0
4620682.04,CT,Repentigny,1.16469,3481,1402,1368,0.294,1100.0,265.0
4620682.05,CT,Repentigny,0.77404,3069,1141,1128,0.302,1025.0,120.0
4620682.06,CT,Repentigny,1.73983,4802,1684,1647,0.39899999999999997,1575.0,55.0
4620683.00,CT,Charlemagne,2.31139,5853,2863,2796,0.198,1555.0,1245.0
4620684.03,CT,Terrebonne,17.11139,7528,2611,2558,0.251,2400.0,160.0
4620684.05,CT,Terrebonne,3.96336,5292,1880,1851,0.115,1655.0,145.0
4620684.08,CT,Terrebonne,2.76023,5683,1921,1900,0.203,1820.0,80.0
4620684.09,CT,Terrebonne,10.73645,3289,1231,1197,0.179,1085.0,110.0
4620684.10,CT,Terrebonne,4.14964,3734,1524,1486,0.257,1090.0,400.0
4620684.11,CT,Terrebonne,3.6035,4543,1776,1734,0.303,1265.0,465.0
4620685.02,CT,Mascouche,56.63088,4128,1604,1550,0.282,1285.0,250.0
4620685.03,CT,Mascouche,7.79407,4927,2351,2138,0.14,1575.0,560.0
4620685.04,CT,Mascouche,0.84491,3285,1122,1115,0.184,1050.0,65.0
4620685.05,CT,Mascouche,2.82982,4401,1709,1671,0.192,1215.0,460.0
4620685.06,CT,Mascouche,7.11606,12736,4798,4713,0.126,3810.0,900.0
4620686.01,CT,Mascouche,26.07685,5471,1980,1934,0.242,1740.0,190.0
4620686.02,CT,Mascouche,3.95912,4082,1473,1441,0.249,1275.0,160.0
4620686.03,CT,Mascouche,2.04206,3461,1253,1227,0.221,1135.0,100.0
4620687.01,CT,Terrebonne,3.1236,4394,1654,1637,0.23199999999999998,1365.0,265.0
4620687.03,CT,Terrebonne,15.7804,8937,3133,3066,0.168,2860.0,200.0
4620687.04,CT,Terrebonne,1.75899,5136,1906,1898,0.091,1430.0,445.0
4620687.06,CT,Terrebonne,2.80832,5448,2215,2166,0.249,1430.0,730.0
4620687.07,CT,Terrebonne,1.87623,5835,2096,2079,0.24100000000000002,1995.0,85.0
4620687.09,CT,Terrebonne,20.74881,3124,1184,1158,0.262,1045.0,160.0
4620687.10,CT,Terrebonne,21.85555,8208,2943,2851,0.151,2695.0,160.0
4620688.02,CT,Sainte-Anne-des-Plaines,89.19135,3645,1167,1069,0.32299999999999995,875.0,160.0
4620688.03,CT,Sainte-Anne-des-Plaines,2.06163,5221,1983,1955,0.201,1425.0,530.0
4620688.04,CT,Sainte-Anne-des-Plaines,1.76298,5669,2035,1990,0.205,1580.0,420.0
4620689.01,CT,Terrebonne,2.83382,5510,1992,1906,0.14800000000000002,1715.0,195.0
4620689.02,CT,Terrebonne,1.57099,3743,1332,1314,0.18899999999999997,1125.0,185.0
4620689.03,CT,Terrebonne,3.82131,8164,2910,2841,0.175,2245.0,600.0
4620689.04,CT,Terrebonne,32.14734,5786,2015,1965,0.254,1630.0,320.0
4620690.00,CT,Lavaltrie,65.67535,7002,2785,2667,0.297,2270.0,385.0
4620691.00,CT,Lavaltrie,2.80984,6265,2420,2351,0.222,1920.0,430.0
4620692.00,CT,L'Assomption,64.89777,8829,3390,3309,0.217,2715.0,560.0
4620693.00,CT,L'Assomption,2.25104,5197,2489,2408,0.295,995.0,1410.0
4620694.00,CT,L'Assomption,33.58003,6039,2310,2221,0.203,1980.0,235.0
4620700.01,CT,Terrebonne,1.316,4655,2395,2277,0.273,950.0,1325.0
4620700.03,CT,Terrebonne,1.53565,2823,1276,1253,0.263,760.0,515.0
4620700.04,CT,Terrebonne,1.54976,4490,2288,2251,0.191,1095.0,1165.0
4620701.01,CT,Bois-des-Filion,1.63113,3240,1330,1289,0.133,1085.0,200.0
4620701.02,CT,Bois-des-Filion,2.64508,6245,2635,2594,0.166,1885.0,705.0
4620702.01,CT,Lorraine,2.12721,2566,943,938,0.171,900.0,35.0
4620702.02,CT,Lorraine,3.89469,6913,2351,2325,0.18600000000000003,2295.0,35.0
4620703.02,CT,Rosemère,4.43895,3918,1578,1544,0.319,1305.0,220.0
4620703.03,CT,Rosemère,3.03989,4597,1690,1639,0.239,1495.0,170.0
4620703.04,CT,Rosemère,3.24541,5779,1917,1896,0.193,1800.0,100.0
4620704.01,CT,Boisbriand,1.8077,4500,2307,2172,0.21600000000000003,960.0,1210.0
4620704.04,CT,Boisbriand,1.77156,4589,1675,1662,0.196,1535.0,130.0
4620704.05,CT,Boisbriand,4.9217,6559,2371,2346,0.177,1880.0,460.0
4620704.06,CT,Boisbriand,2.25938,1808,733,697,0.193,560.0,135.0
4620704.08,CT,Boisbriand,14.5785,5005,1462,1406,0.324,850.0,550.0
4620704.09,CT,Boisbriand,2.40926,4355,1789,1657,0.09300000000000001,1010.0,655.0
4620705.01,CT,Sainte-Thérèse,1.61016,3513,1266,1252,0.156,1240.0,10.0
4620705.02,CT,Sainte-Thérèse,1.95577,5367,2638,2580,0.139,1120.0,1455.0
4620706.00,CT,Sainte-Thérèse,1.36219,3729,2145,2020,0.17,560.0,1460.0
4620707.00,CT,Sainte-Thérèse,1.85855,4702,2434,2196,0.213,755.0,1440.0
4620708.01,CT,Sainte-Thérèse,1.19212,4791,2355,2270,0.293,940.0,1330.0
4620708.02,CT,Sainte-Thérèse,1.60822,3923,1875,1826,0.2,1225.0,600.0
4620709.01,CT,Blainville,3.72702,7403,2891,2783,0.168,2215.0,570.0
4620709.02,CT,Blainville,2.34549,5873,2556,2412,0.209,1715.0,695.0
4620710.03,CT,Blainville,3.08341,8192,3129,3013,0.19699999999999998,2465.0,550.0
4620710.05,CT,Blainville,32.56592,6203,1937,1901,0.195,1800.0,85.0
4620710.06,CT,Blainville,2.05883,3537,1250,1236,0.127,1190.0,45.0
4620710.07,CT,Blainville,3.46794,4660,1738,1695,0.16,1495.0,200.0
4620710.08,CT,Blainville,1.19089,4345,1767,1723,0.204,1110.0,610.0
4620710.09,CT,Blainville,3.69379,5594,1586,1567,0.245,1565.0,0.0
4620710.10,CT,Blainville,2.32906,4900,1398,1388,0.175,1325.0,35.0
4620710.11,CT,Blainville,0.94597,2803,1020,1014,0.233,850.0,190.0
4620725.03,CT,Saint-Eustache,1.56201,3666,1463,1439,0.226,1075.0,385.0
4620725.04,CT,Saint-Eustache,2.85815,3342,1338,1310,0.163,1090.0,220.0
4620725.06,CT,Saint-Eustache,51.95907,1766,683,660,0.248,500.0,60.0
4620725.07,CT,Saint-Eustache,1.4373,6440,2168,2159,0.204,2055.0,100.0
4620725.08,CT,Saint-Eustache,5.3674,8220,3130,3087,0.17800000000000002,2770.0,320.0
4620726.01,CT,Saint-Eustache,1.87308,6297,2836,2782,0.115,1635.0,1145.0
4620726.03,CT,Saint-Eustache,1.30848,4892,2303,2226,0.13,1055.0,1165.0
4620726.04,CT,Saint-Eustache,0.78418,1994,702,700,0.09699999999999999,625.0,50.0
4620727.01,CT,Saint-Eustache,1.11888,3290,1730,1694,0.177,695.0,1000.0
4620727.02,CT,Saint-Eustache,1.56225,4247,2008,1950,0.151,1055.0,895.0
4620728.01,CT,Deux-Montagnes,1.74978,6751,2566,2541,0.10099999999999999,1880.0,660.0
4620728.02,CT,Deux-Montagnes,1.98132,4299,1704,1666,0.23800000000000002,1285.0,375.0
4620728.03,CT,Deux-Montagnes,0.92363,2662,1007,991,0.191,845.0,145.0
4620729.00,CT,Deux-Montagnes,1.50319,3840,1839,1787,0.255,1015.0,770.0
4620730.01,CT,Sainte-Marthe-sur-le-Lac,6.36784,9035,3474,3419,0.135,3075.0,340.0
4620730.02,CT,Sainte-Marthe-sur-le-Lac,3.152,6654,2693,2620,0.128,2405.0,210.0
4620731.00,CT,Pointe-Calumet,5.06845,6396,2636,2539,0.10099999999999999,2055.0,485.0
4620732.01,CT,Saint-Joseph-du-Lac,41.64298,6195,2325,2268,0.077,1860.0,320.0
4620732.02,CT,Oka,69.65926,3969,1633,1546,0.23399999999999999,1345.0,160.0
4620733.00,CT,Mirabel,275.03412,6046,2539,2317,0.174,1505.0,590.0
4620734.01,CT,Mirabel,131.50243,10343,3997,3814,0.071,2760.0,1000.0
4620734.03,CT,Mirabel,5.2563,5360,1920,1864,0.126,1535.0,325.0
4620734.04,CT,Mirabel,24.0263,3471,1386,1356,0.23600000000000002,965.0,355.0
4620734.05,CT,Mirabel,32.05499,4700,1752,1704,0.225,1320.0,380.0
4620735.01,CT,Mirabel,52.86758,6475,2727,2623,0.146,1630.0,940.0
4620735.02,CT,Mirabel,9.05656,7277,2915,2801,0.17600000000000002,1930.0,875.0
4620740.01,CT,Gore,97.57333,1775,1495,829,0.429,785.0,50.0
4620740.02,CT,Saint-Colomban,94.63757,13080,5227,4945,0.151,4515.0,425.0
4620750.01,CT,Notre-Dame-de-l'Île-Perrot,15.44689,5094,1930,1865,0.20600000000000002,1830.0,40.0
4620750.02,CT,Notre-Dame-de-l'Île-Perrot,12.34196,5526,1838,1812,0.192,1740.0,70.0
4620750.04,CT,Terrasse-Vaudreuil,1.03393,1971,829,815,0.222,580.0,240.0
4620750.05,CT,L'Île-Perrot,5.48629,10503,4701,4558,0.157,3195.0,1365.0
4620751.01,CT,Pincourt,3.40158,6690,2675,2627,0.12300000000000001,2205.0,420.0
4620751.02,CT,Pincourt,4.1382,7615,2645,2615,0.25,2435.0,180.0
4620755.01,CT,Vaudreuil-Dorion,21.30773,7907,3472,3310,0.152,2395.0,915.0
4620755.02,CT,Vaudreuil-Dorion,5.49763,8354,3158,3105,0.16699999999999998,2605.0,505.0
4620756.02,CT,Vaudreuil-Dorion,10.78559,991,354,349,0.301,335.0,15.0
4620756.03,CT,Vaudreuil-Dorion,34.5264,6997,2467,2405,0.19699999999999998,2340.0,65.0
4620756.04,CT,Vaudreuil-Dorion,2.80263,6408,2400,2352,0.20199999999999999,1775.0,570.0
4620756.05,CT,Vaudreuil-Dorion,2.27296,5452,2579,2488,0.24600000000000002,1495.0,995.0
4620757.00,CT,Hudson,21.94766,5135,2229,2125,0.2,1830.0,285.0
4620758.03,CT,Saint-Lazare,23.7567,4086,1398,1360,0.284,1330.0,30.0
4620758.04,CT,Saint-Lazare,15.63668,5337,1691,1671,0.231,1665.0,0.0
4620758.05,CT,Saint-Lazare,7.56179,4324,1438,1413,0.19899999999999998,1280.0,135.0
4620758.06,CT,Saint-Lazare,19.98317,5548,2019,1967,0.182,1715.0,250.0
4620760.00,CT,Les Cèdres,78.39703,6079,2408,2322,0.218,2085.0,220.0
4620775.00,CT,Léry,10.5607,2307,1037,967,0.327,815.0,150.0
4620776.00,CT,Beauharnois,8.48024,2848,1298,1251,0.331,1060.0,215.0
4620777.01,CT,Beauharnois,30.92628,4049,1900,1804,0.36200000000000004,1190.0,590.0
4620777.02,CT,Beauharnois,30.19713,5114,2387,2279,0.424,1200.0,1105.0
4620780.00,CT,Saint-Jérôme,1.46579,3398,1629,1543,0.161,845.0,695.0
4620781.00,CT,Saint-Jérôme,2.60282,5392,3328,3121,0.11199999999999999,790.0,2330.0
4620782.00,CT,Saint-Jérôme,2.53769,3179,1717,1626,0.302,550.0,1080.0
4620783.00,CT,Saint-Jérôme,5.1196,4827,2592,2481,0.175,760.0,1715.0
4620784.00,CT,Saint-Jérôme,1.29363,4058,2112,1947,0.207,360.0,1585.0
4620785.00,CT,Saint-Jérôme,3.64062,4368,2245,2119,0.192,770.0,1355.0
4620786.00,CT,Saint-Jérôme,3.41117,4688,2079,2013,0.141,1215.0,795.0
4620787.00,CT,Saint-Jérôme,6.53943,7081,3081,2997,0.14400000000000002,1930.0,1065.0
4620788.00,CT,Saint-Jérôme,2.1944,5626,2871,2785,0.183,1105.0,1680.0
4620789.00,CT,Saint-Jérôme,12.32869,6844,2895,2813,0.244,1850.0,955.0
4620790.00,CT,Saint-Jérôme,14.82789,6975,3055,2932,0.172,2125.0,805.0
4620791.00,CT,Saint-Jérôme,4.62928,7737,3185,3079,0.165,2465.0,610.0
4620792.00,CT,Saint-Jérôme,31.05527,4283,1745,1655,0.35100000000000003,1395.0,220.0
4620800.01,CT,Châteauguay,3.76194,4548,1774,1715,0.327,1525.0,190.0
4620800.02,CT,Châteauguay,1.6595,5341,2297,2219,0.389,1415.0,805.0
4620801.00,CT,Châteauguay,2.79752,7348,2994,2923,0.221,2120.0,805.0
4620802.00,CT,Châteauguay,6.22548,3432,1369,1321,0.358,1055.0,270.0
4620804.01,CT,Châteauguay,2.63083,6738,2742,2670,0.26,1970.0,700.0
4620804.02,CT,Châteauguay,10.46817,1924,744,708,0.35,620.0,90.0
4620805.00,CT,Châteauguay,3.33852,8454,3313,3238,0.243,2600.0,640.0
4620806.01,CT,Châteauguay,1.62449,3251,1377,1327,0.385,930.0,430.0
4620806.02,CT,Châteauguay,4.74739,4868,1819,1786,0.293,1545.0,210.0
4620807.01,CT,Mercier,19.41453,7832,2886,2809,0.289,2535.0,265.0
4620807.02,CT,Mercier,27.01117,3752,1568,1511,0.319,1120.0,425.0
4620825.01,CT,Brossard,12.83196,12166,5343,5042,0.146,4360.0,680.0
4620825.02,CT,Brossard,0.93715,3884,1598,1564,0.24100000000000002,1165.0,385.0
4620825.03,CT,Brossard,1.32555,5753,2551,2440,0.361,915.0,1525.0
4620825.04,CT,Brossard,1.73163,5379,2266,2196,0.32799999999999996,1810.0,385.0
4620825.05,CT,Brossard,1.73218,5002,2176,2089,0.33899999999999997,1130.0,960.0
4620826.02,CT,Brossard,1.68748,4743,1770,1746,0.254,1620.0,130.0
4620826.05,CT,Brossard,1.53778,4001,1573,1492,0.215,1270.0,225.0
4620826.06,CT,Brossard,1.12956,4056,1520,1476,0.228,885.0,585.0
4620826.07,CT,Brossard,0.85018,4008,1914,1844,0.218,1390.0,455.0
4620826.08,CT,Brossard,1.23269,3410,1245,1231,0.214,1200.0,25.0
4620826.09,CT,Brossard,1.2683,3545,1093,1075,0.255,1000.0,70.0
4620826.10,CT,Brossard,2.03957,6127,2301,2245,0.258,2010.0,230.0
4620826.11,CT,Brossard,1.06384,4140,1845,1795,0.252,980.0,815.0
4620826.13,CT,Brossard,1.03638,4103,1354,1335,0.242,1275.0,60.0
4620826.14,CT,Brossard,14.23196,6277,2453,2379,0.26,2205.0,175.0
4620827.02,CT,La Prairie,3.43644,7310,3735,3575,0.198,1730.0,1845.0
4620827.03,CT,La Prairie,4.348,7100,2417,2401,0.231,2305.0,100.0
4620827.04,CT,La Prairie,35.72606,8947,3194,3126,0.19899999999999998,2700.0,425.0
4620828.03,CT,Candiac,2.91078,5227,2089,2065,0.235,1670.0,395.0
4620828.04,CT,Candiac,2.91953,3649,1689,1640,0.213,1190.0,455.0
4620828.05,CT,Candiac,2.86544,5377,1838,1803,0.278,1725.0,80.0
4620828.06,CT,Candiac,8.90182,5623,1964,1913,0.316,1865.0,45.0
4620829.00,CT,Delson,7.6569,7462,2911,2884,0.278,2240.0,640.0
4620830.01,CT,Sainte-Catherine,6.68121,6941,2881,2820,0.32,1940.0,875.0
4620830.03,CT,Sainte-Catherine,1.51571,5750,2233,2217,0.267,1915.0,300.0
4620830.04,CT,Sainte-Catherine,1.33478,4071,1538,1522,0.20800000000000002,1385.0,140.0
4620831.03,CT,Saint-Constant,2.07433,4450,1799,1760,0.259,1300.0,460.0
4620831.04,CT,Saint-Constant,1.72536,4917,1838,1801,0.306,1330.0,470.0
4620831.05,CT,Saint-Constant,1.90353,4454,1520,1508,0.276,1440.0,70.0
4620831.07,CT,Saint-Mathieu,76.5612,2782,1150,1104,,x,x
4620831.08,CT,Saint-Constant,4.50678,6225,2147,2073,0.311,1865.0,205.0
4620831.09,CT,Saint-Constant,1.67364,4031,1438,1418,0.254,1285.0,105.0
4620832.00,CT,Kahnawake,50.7069,0,0,0,,x,x
4620833.00,CT,Saint-Philippe,62.08134,5495,2129,2103,0.33899999999999997,1910.0,160.0
4620834.00,CT,Saint-Isidore,51.95268,2581,1011,981,,x,x
4620850.01,CT,Chambly,4.18117,8593,3214,3107,0.22699999999999998,2770.0,335.0
4620850.03,CT,Chambly,1.50859,4805,2037,1998,0.214,1080.0,915.0
4620850.04,CT,Chambly,8.36408,3886,1297,1282,0.16,1195.0,50.0
4620850.05,CT,Chambly,7.79736,3530,1309,1289,0.331,1055.0,270.0
4620851.00,CT,Chambly,5.68867,4757,2236,2133,0.28300000000000003,1355.0,780.0
4620852.01,CT,Carignan,55.80158,7207,2548,2485,0.276,2295.0,185.0
4620852.02,CT,Carignan,8.92251,759,350,324,0.397,290.0,25.0
4620853.02,CT,Saint-Basile-le-Grand,20.65537,5613,2108,2090,0.196,1835.0,250.0
4620853.03,CT,Saint-Basile-le-Grand,3.07689,5403,2168,2136,0.29600000000000004,1760.0,375.0
4620853.04,CT,Saint-Basile-le-Grand,13.31479,5720,1959,1952,0.193,1870.0,80.0
4620854.01,CT,Saint-Bruno-de-Montarville,2.81674,5823,2113,2090,0.129,1860.0,230.0
4620854.02,CT,Saint-Bruno-de-Montarville,21.10283,6015,2237,2210,0.14300000000000002,2055.0,155.0
4620855.01,CT,Saint-Bruno-de-Montarville,7.9315,5018,1917,1903,0.16699999999999998,1775.0,120.0
4620855.03,CT,Saint-Bruno-de-Montarville,3.92546,6343,2939,2863,0.19699999999999998,1820.0,1040.0
4620855.04,CT,Saint-Bruno-de-Montarville,8.26236,2908,960,924,0.16699999999999998,915.0,15.0
4620856.00,CT,Longueuil,15.89371,1813,988,806,0.31,485.0,325.0
4620857.01,CT,Longueuil,1.51778,4929,1980,1947,0.267,1445.0,500.0
4620857.02,CT,Longueuil,1.17771,4205,1649,1617,0.266,1140.0,480.0
4620857.06,CT,Longueuil,1.44809,5822,2289,2256,0.23,1785.0,470.0
4620857.07,CT,Longueuil,9.99109,7150,2510,2479,0.239,2140.0,340.0
4620857.08,CT,Longueuil,3.90815,5068,2604,2554,0.281,1725.0,825.0
4620857.09,CT,Longueuil,2.35592,4904,1829,1797,0.19899999999999998,1660.0,135.0
4620857.10,CT,Longueuil,6.48252,4554,1661,1617,0.22399999999999998,1440.0,165.0
4620857.11,CT,Longueuil,2.14276,3190,1268,1250,0.244,1145.0,100.0
4620857.12,CT,Longueuil,1.10112,3759,1439,1415,0.271,1220.0,190.0
4620858.01,CT,Longueuil,1.52315,4602,1752,1736,0.33299999999999996,1605.0,140.0
4620858.02,CT,Longueuil,1.19968,3951,1575,1539,0.419,1095.0,435.0
4620858.04,CT,Longueuil,2.78291,4966,1760,1744,0.222,1635.0,105.0
4620858.05,CT,Longueuil,10.11924,3013,1050,1030,0.228,930.0,115.0
4620859.00,CT,Brossard,0.73955,2679,1097,1050,0.327,800.0,260.0
4620860.01,CT,Longueuil,1.67769,6440,2469,2431,0.29100000000000004,2075.0,350.0
4620860.02,CT,Longueuil,1.19359,4011,1621,1578,0.319,890.0,685.0
4620861.00,CT,Longueuil,1.90634,6518,3362,3211,0.231,1605.0,1610.0
4620862.00,CT,Saint-Lambert,2.25282,6893,3466,3366,0.162,2380.0,985.0
4620863.01,CT,Saint-Lambert,1.38999,3309,1531,1474,0.245,965.0,505.0
4620863.02,CT,Saint-Lambert,1.91908,5956,3149,2955,0.248,1495.0,1460.0
4620864.00,CT,Saint-Lambert,1.99512,5397,2273,2194,0.21100000000000002,1670.0,520.0
4620865.00,CT,Longueuil,0.50466,1871,1076,1023,0.387,330.0,695.0
4620866.00,CT,Longueuil,0.49582,2942,1739,1637,0.373,385.0,1255.0
4620867.00,CT,Longueuil,1.51453,6275,3215,3101,0.247,1260.0,1840.0
4620868.01,CT,Longueuil,1.59335,5685,2273,2229,0.27,1615.0,615.0
4620868.02,CT,Longueuil,1.22971,5539,2511,2403,0.276,950.0,1450.0
4620869.00,CT,Longueuil,1.07711,3248,1199,1193,0.252,830.0,365.0
4620870.01,CT,Longueuil,1.04795,3620,1642,1533,0.318,480.0,1050.0
4620870.02,CT,Longueuil,0.59321,2269,1061,1025,0.406,445.0,585.0
4620871.01,CT,Longueuil,0.72714,3703,1841,1779,0.27899999999999997,630.0,1150.0
4620871.02,CT,Longueuil,0.4712,2044,861,827,0.342,555.0,280.0
4620872.00,CT,Longueuil,1.72579,6062,3033,2879,0.315,890.0,1990.0
4620873.01,CT,Longueuil,0.42265,4206,2049,1883,0.255,210.0,1675.0
4620873.02,CT,Longueuil,0.65603,4144,2287,2117,0.316,315.0,1805.0
4620874.00,CT,Longueuil,0.85991,4833,2373,2224,0.239,715.0,1510.0
4620875.00,CT,Longueuil,0.72302,4630,2624,2383,0.311,685.0,1700.0
4620876.01,CT,Longueuil,0.74493,4116,1761,1626,0.303,410.0,1220.0
4620876.04,CT,Longueuil,2.26222,6492,2298,2263,0.256,2110.0,150.0
4620876.05,CT,Longueuil,4.78155,7541,3357,3262,0.19399999999999998,2335.0,925.0
4620876.06,CT,Longueuil,1.00408,5938,2520,2415,0.22699999999999998,1315.0,1100.0
4620876.07,CT,Longueuil,0.99393,2187,981,907,0.218,615.0,290.0
4620877.01,CT,Longueuil,5.11008,7803,3576,3536,0.16899999999999998,2865.0,670.0
4620877.02,CT,Longueuil,1.49981,5924,2790,2678,0.19,1120.0,1555.0
4620878.00,CT,Longueuil,1.08165,4942,2742,2564,0.212,690.0,1875.0
4620879.01,CT,Longueuil,0.6202,3275,1794,1716,0.392,455.0,1260.0
4620879.02,CT,Longueuil,0.76488,3689,2052,1940,0.272,905.0,1035.0
4620880.00,CT,Longueuil,0.9029,3936,2230,2104,0.313,785.0,1315.0
4620881.01,CT,Longueuil,0.53939,3489,1835,1752,0.34,540.0,1210.0
4620881.02,CT,Longueuil,0.61193,3510,1891,1734,0.359,575.0,1160.0
4620882.00,CT,Longueuil,0.71616,2575,1371,1307,0.35200000000000004,460.0,845.0
4620883.00,CT,Longueuil,0.99139,2432,1306,1184,0.318,465.0,720.0
4620884.01,CT,Longueuil,0.72151,3123,1787,1647,0.35200000000000004,435.0,1210.0
4620884.02,CT,Longueuil,1.91974,6948,4210,4025,0.23199999999999998,1375.0,2645.0
4620885.00,CT,Longueuil,1.61439,4064,2052,1907,0.276,590.0,1315.0
4620886.01,CT,Longueuil,4.39721,3170,1550,1527,0.299,830.0,695.0
4620886.02,CT,Longueuil,2.12772,3065,1283,1256,0.22699999999999998,905.0,350.0
4620886.03,CT,Longueuil,2.12391,3224,1523,1474,0.366,540.0,935.0
4620887.03,CT,Boucherville,11.44747,3762,1347,1338,0.21,1300.0,45.0
4620887.04,CT,Boucherville,1.95817,5184,2373,2318,0.207,1715.0,605.0
4620887.05,CT,Boucherville,1.99002,4855,1893,1879,0.182,1650.0,230.0
4620887.06,CT,Boucherville,1.79543,4613,1697,1685,0.171,1645.0,40.0
4620887.07,CT,Boucherville,9.94915,32,12,11,,x,x
4620888.01,CT,Boucherville,30.50531,2256,943,883,0.276,875.0,0.0
4620888.02,CT,Boucherville,2.34664,5764,2094,2083,0.209,2050.0,35.0
4620888.03,CT,Boucherville,2.12696,4133,1633,1589,0.187,1525.0,65.0
4620889.01,CT,Boucherville,1.39435,2623,1288,1253,0.27,580.0,670.0
4620889.02,CT,Boucherville,4.01683,2772,1216,1195,0.23399999999999999,950.0,235.0
4620889.03,CT,Boucherville,3.34048,4759,2025,2002,0.226,1695.0,315.0
4620900.00,CT,Beloeil,2.63101,4536,2017,1981,0.308,1270.0,710.0
4620901.01,CT,Beloeil,2.5123,4955,2273,2228,0.313,1345.0,880.0
4620901.02,CT,Beloeil,1.79487,4388,1753,1721,0.207,1470.0,255.0
4620901.03,CT,Beloeil,18.3156,6904,2554,2457,0.20600000000000002,2350.0,100.0
4620902.00,CT,McMasterville,3.3976,5615,2261,2211,0.23399999999999999,1485.0,730.0
4620903.01,CT,Sainte-Julie,10.05779,7456,2880,2829,0.22899999999999998,2115.0,715.0
4620903.04,CT,Sainte-Julie,1.41388,4211,1580,1567,0.281,1320.0,240.0
4620903.05,CT,Sainte-Julie,1.14022,3739,1409,1385,0.217,1300.0,100.0
4620903.07,CT,Saint-Mathieu-de-Beloeil,70.55322,4600,1630,1606,0.294,1490.0,90.0
4620903.08,CT,Sainte-Julie,0.74706,2838,1039,1026,0.27399999999999997,755.0,245.0
4620903.09,CT,Saint-Amable,13.80049,5316,2056,1993,0.331,1640.0,355.0
4620903.10,CT,Saint-Amable,22.94749,5554,2066,1999,0.205,1625.0,370.0
4620903.11,CT,Sainte-Julie,3.76649,3943,1272,1261,0.182,1110.0,140.0
4620903.12,CT,Sainte-Julie,2.03834,5941,2017,2005,0.215,1940.0,70.0
4620904.02,CT,Varennes,17.12759,4242,1839,1786,0.358,1150.0,625.0
4620904.03,CT,Varennes,71.66361,4952,1869,1838,0.257,1465.0,360.0
4620904.04,CT,Varennes,1.35111,3681,1287,1284,0.18100000000000002,1180.0,100.0
4620904.05,CT,Varennes,1.35434,3871,1601,1588,0.266,1215.0,375.0
4620904.06,CT,Varennes,1.17941,4248,1405,1398,0.201,1375.0,20.0
4620926.01,CT,Richelieu,32.53324,5467,2268,2205,0.28600000000000003,1415.0,775.0
4620926.02,CT,Saint-Mathias-sur-Richelieu,50.13108,4618,1911,1865,0.207,1535.0,310.0
4620929.01,CT,Otterburn Park,2.29565,3689,1537,1516,0.207,1305.0,210.0
4620929.02,CT,Otterburn Park,3.33596,4761,1719,1686,0.203,1570.0,115.0
4620930.02,CT,Mont-Saint-Hilaire,16.59068,8686,3780,3621,0.14,2745.0,875.0
4620930.03,CT,Mont-Saint-Hilaire,7.60067,2736,973,950,0.19,925.0,0.0
4620930.04,CT,Mont-Saint-Hilaire,21.50766,6778,2653,2589,0.191,2065.0,520.0
4621000.00,CT,L'Épiphanie,2.34252,5353,2110,2046,0.33899999999999997,1220.0,825.0
4621001.00,CT,L'Épiphanie,54.73949,3296,1307,1212,0.462,1035.0,150.0
4621002.00,CT,Verchères,73.26469,5692,2406,2323,0.244,1840.0,465.0
4621003.00,CT,Coteau-du-Lac,47.54404,6842,2631,2569,0.175,1955.0,595.0
4621004.00,CT,Les Coteaux,11.7169,4568,1931,1833,0.22899999999999998,1370.0,460.0
4621005.00,CT,Saint-Zotique,25.19205,6773,2893,2730,0.311,2120.0,605.0
